"sku","age","gender","size","dimension"
"FB20-WCARTS",,,,
"SeasonOS-WCARTS",,,,
"FB19-WCARTS",,,,
"IHartOwl-WCARTS",,,,
"DottiLicious-WCARTS",,,,
"FlutterFlies2-WCARTS",,,,
"OverlapHearts-WCARTS",,,,
"Blossoms-WCARTS",,,,
"7323-ZZ-CLOUDB","2歲以上","男,女",,
"7353-ZZ-CLOUDB","2歲以上","男,女",,
"7333-ZZ-CLOUDB","2歲以上","男,女",,
"7303-ZZ-CLOUDB","新生","男,女",,"35.3cm x 24.9cm x 17.78cm"
"1266-MELDOUG","2歲以上","男,女",,"包裝約30 x 22 x 9 cm"
"1269-MELDOUG","2歲以上","男,女",,"包裝約31 x 23 x 5.5 cm"
"2191-MELDOUG","2歲以上","男,女",,"包裝約23 x 22 x 18 cm"
"2281-MELDOUG","1歲以上","男,女",,"包裝約29.8 x 29.8 x 31.8 cm"
"2783-MELDOUG","2歲以上","男,女",,"包裝約32 x 14 x 42 cm"
"3039-MELDOUG","9個月以上","男,女",,"包裝約30 x 24 x 23 cm"
"3044-MELDOUG","6個月以上","男,女",,"包裝約30 x 15 x 20 cm"
"3066-MELDOUG","9個月以上","男,女",,"包裝約30 x 17 x 17 cm"
"3130-MELDOUG","18個月以上","男,女",,"包裝約28 x 11 x 29 cm"
"3391-MELDOUG","1歲以上","男,女",,"包裝約30 x 39 x 4 cm"
"3777-MELDOUG","3歲以上","男,女",,"包裝約3 x 23 x 30 cm"
"4096-MELDOUG","3歲以上","男,女",,"包裝約15 x 30 x 8 cm"
"7001.3-PRNCLH","18個月以上","男,女",,"約36 x 35 x 18 cm"
"7000.3-PRNCLH","18個月以上","男,女",,"約36 x 35 x 18 cm"
"7018.2-PRNCLH","1歲以上","男,女",,"約37 x 36 x 24 cm"
"7020.2-PRNCLH","1歲以上","男,女",,"約37 x 36 x 24 cm"
"7140.2-PRNCLH","3個月以上","男,女",,"約36 x 33 x 23 cm"
"7152.2-PRNCLH","3個月以上","男,女",,"約36 x 33 x 23 cm"
"7153.2-PRNCLH","3個月以上","男,女",,"約36 x 33 x 23 cm"
"7401.2-PRNCLH","18個月以上","男,女",,"約37 x 42 x 21 cm"
"7403.2-PRNCLH","18個月以上","男,女",,"約37 x 42 x 21 cm"
"7406.2-PRNCLH","18個月以上","男,女",,"約37 x 42 x 21 cm"
"PT3074-BEBABEAN","新生","男,女",,
"SMRG-BEBABEAN","新生","男,女",,
"CBTP-BEBABEAN","3-6個月","男,女","3-6個月",
"CBTI-BEBABEAN","3-6個月","男,女","3-6個月",
"CBTC-BEBABEAN","3-6個月","男,女","3-6個月",
"HKRP-BEBABEAN","0-1歲","男,女",,
"HKRC-BEBABEAN","0-1歲","男,女",,
"KCIOS-BEBABEAN","6-24個月","女","6-24個月","約53cm寬x 25cm長；帽約30cm"
"KCPOS-BEBABEAN","6-24個月","女","6-24個月","約53cm寬x 25cm長；帽約30cm"
"KOI12-BEBABEAN","6-12個月","男,女","6-12個月",
"KOP12-BEBABEAN","6-12個月","女","6-12個月",
"CBPOS-BEBABEAN","新生","男,女","新生","約66 cm x 86 cm"
"CBIOS-BEBABEAN","新生","男,女","新生","約66 cm x 86 cm"
"CBGOS-BEBABEAN","新生","男,女","新生","約66 cm x 86 cm"
"K1148-KDZDLGT","3歲以上","男,女",,"約27 x 22 x 1 cm"
"K1147-KDZDLGT","3歲以上","男,女",,"實體約28 x 23 x 1 cm / 0.5公斤"
"K3423-KDZDLGT","2歲以上","男,女",,"包裝約33 x 40 x 10 cm"
"K7730-KDZDLGT","1歲以上","男,女",,"實體約25 x 25 x 7 cm"
"K1185R-KDZDLGT","2歲以上","男,女",,"實體約35 x 27 x 7.8 cm"
"K12650-KDZDLGT","3歲以上","男,女",,"約20 x 19 x 5 cm"
"FFPIPA-PK","1歲以上","男,女",,"40.64 cm X 28 cm X 38.1cm / 1.8公斤"
"FFTIAS-PK","1歲以上","男,女",,"40.64 cm X 28 cm X 38.1cm / 1.8公斤"
"JVZPBU-PK","3歲以上","男,女",,"外包裝 15.3 x 20.3 x 2.54 cm"
"JVZPTI-PK","3歲以上","男,女",,"外包裝 15.3 x 20.3 x 2.54 cm"
"TYPSMC-PK","１歲以上","男,女",,"14 cm x 21.6 cm"
"TYSORB-PK","１歲以上","男,女",,"17.8 cm x 8.9 cm x 28 cm / 1.8 kg"
"TYXYBX-PK","1歲以上","男,女",,"12.7 x 12.7 x 4.5 cm / 1.8kg"
"TYCIRPZ-PK","２歲以上","男,女",,"26.67 cm x 26.67 cm / 0.45kg"
"TYSQPZ-PK","２歲以上","男,女",,"26.67 cm x 26.67 cm / 0.45kg"
"TWL03-3SP","0-18個月","男,女",,"約79 X 79 cm"
"TWL05-3SP","0-18個月","男,女",,"約79 X 79 cm"
"TWL06-3SP","0-18個月","男,女",,"約79 X 79 cm"
"BIN06-3SP",,"男,女",,"高約44 cm / 直徑約43 cm"
"BIN08-3SP",,"男,女",,"高約44 cm / 直徑約43 cm"
"BIN09-3SP",,"男,女",,"高約44 cm / 直徑約43 cm"
"BIN02-3SP",,"男,女",,"高約44 cm / 直徑約43 cm"
"BIN05-3SP",,"男,女",,"高約44 cm / 直徑約43 cm"
"BOX02-3SP",,"男,女",,"約33 x 33 x 33 cm"
"BOX01-3SP",,"男,女",,"約33 x 33 x 33 cm"
"CAD01-3SP",,"男,女",,"約38 x 38 cm(含提帶) / 38 x 14 cm(袋身) "
"CAD02-3SP",,"男,女",,"約38 x 38 cm(含提帶) / 38 x 14 cm(袋身) "
"CAD03-3SP",,"男,女",,"約38 x 38 cm(含提帶) / 38 x 14 cm(袋身) "
"CAD04-3SP",,"男,女",,"約38 x 38 cm(含提帶) / 38 x 14 cm(袋身) "
"CAD05-3SP",,"男,女",,"約38 x 38 cm(含提帶) / 38 x 14 cm(袋身) "
"PocketPosies-MLS","6個月到16公斤","男,女",,"約20 x 4 x 15 cm"
"PinkyButtons-MLS","6個月到16公斤","男,女",,"約20 x 4 x 15 cm"
"BiggyButtons-MLS","6個月到16公斤","男,女",,"約20 x 4 x 15 cm"
"BlueFish-MLS","6個月到16公斤","男,女",,"約20 x 4 x 15 cm"
"135WT0000STN-MS","6個月以上","男,女",,"約29x18x6公分"
"124WT0000DYL-MS","6個月以上","男,女",,"約24 x31 x6公分"
"102WT0000YEL-MS","6個月以上","男,女",,"約29x23x6公分"
"103WT0000GRA-MS","6個月以上","男,女",,"約29x29x6公分"
"123WT0000MBR-MS","6個月以上","男,女",,"約29x26x6公分"
"111WT0000RA-MS","6個月以上","男,女",,"約29x17x6公分"
"130WT0000RED-MS","1歲以上","男,女",,"約25x17x6公分"
"119WT0000GRA-MS","1歲以上","男,女",,"約29x14x6公分"
"MBB1004-MIXIE","0-3個月","男,女","120cc / 120ml","<li>奶瓶組：120cc奶瓶 * 1 / 第一階段奶嘴 * 1
<li>奶嘴組：第一階段奶嘴 * 2個</li>
<li>防脹氣奶嘴：</li>
<ul style=""padding-left:40px"">
<li>高 2-2/8"" 英吋/底部直徑 5英吋</li>
<li>第一階段:單一圓孔(非十字形吸孔)</li>
</ul>
<li>奶粉儲存盒：120ml容量約20公克</li>
<br>
<p></p>
"
"MBB1008-MIXIE","2歲以下","男,女","240cc / 240ml","<li>奶瓶組：240cc奶瓶 * 1 / 第二階段奶嘴 * 1</li>
<li>奶嘴組：第二階段奶嘴 * 2個</li>
<li>防脹氣奶嘴：</li>
<ul style=""padding-left:40px"">
<li>高 2-2/8"" 英吋/底部直徑 5英吋</li>
<li>第一階段:單一圓孔(非十字形吸孔)</li>
</ul>
<li>奶粉儲存盒：240ml容量約40公克</li>
"
"MBB1004.SOLO-MIXIE","0-3個月","男,女",,"<li>120cc (120ml)奶瓶 * 1 / 第一階段奶嘴 * 1</li>
<li>防脹氣奶嘴：</li>
<ul style=""padding-left:40px"">
<li>高 2-2/8"" 英吋/底部直徑 5英吋</li>
<li>第一階段:單一圓孔(非十字形吸孔)</li>
</ul>
<li>奶粉儲存盒：120ml容量約20公克</li>"
"136-BBROO","6個月以上","男,女",,"約22.86 x 17.78 x 7.62cm"
"154-BBROO","6個月以上","男,女",,"約22.86 x 17.78 x 7.62cm"
"153-BBROO","6個月以上","男,女",,"約22.86 x 17.78 x 7.62cm"
"174-BBROO","6個月以上","男,女",,"約22.86 x 17.78 x 7.62cm"
"195-BBROO","6個月以上","男,女",,"約22.86 x 17.78 x 7.62cm"
"131-BBROO","6個月以上","男,女",,"約22.86 x 17.78 x 7.62cm"
"100-BBROO","6個月以上","男,女",,"約22.86 x 17.78 x 7.62cm"
"133-BBROO","6個月以上","男,女",,"約22.86 x 17.78 x 7.62cm"
"170-BBROO","6個月以上","男,女",,"約22.86 x 17.78 x 7.62cm"
"142-BBROO","6個月以上","男,女",,"約22.86 x 17.78 x 7.62cm"
"BIN01-3SP",,"男,女",,"高約44 cm / 直徑約43 cm"
"BIN03-3SP",,"男,女",,"高約44 cm / 直徑約43 cm"
"BIN04-3SP",,"男,女",,"高約44 cm / 直徑約43 cm"
"WALL2-3SP",,"男,女",,"全長102 x 36 cm / 收納格 29 x 36 cm"
"WALL1-3SP",,"男,女",,"全長102 x 36 cm / 收納格 29 x 36 cm"
"WALL3-3SP",,"男,女",,"全長102 x 36 cm / 收納格 29 x 36 cm"
"MOB1-3SP",,"男,女",,"寬27cm/高70cm"
"MOB2-3SP",,"男,女",,"寬27cm/高70cm"
"MOB3-3SP",,"男,女",,"寬27cm/高70cm"
"HAMP1-3SP",,"男,女",,"高48cm x 寬56cm x深28cm"
"HAMP2-3SP",,"男,女",,"高48cm x 寬56cm x深28cm"
"HAMP3-3SP",,"男,女",,"高48cm x 寬56cm x深28cm"
"BATH1-3SP",,"男,女",,"約37cm x 38cm "
"BATH3-3SP",,"男,女",,"約37cm x 38cm "
"BATH2-3SP",,"男,女",,"約37cm x 38cm "
"SF2151M-H2H","3-4歲","女",,
"SP21512M-H2H","3-4歲","女",,
"SB2151AM-H2H","3-4歲","女",,"長度約50公分/寬約45到50公分"
"SC2151AS-H2H","1-2歲","女",,"總長（肩到底部） 63.5公分/內裡長度（肩到底部）約43公分/胸圍約50-60公分"
"SC2154S-H2H","1-2歲","女",,"總長（肩到底部）約 63.5公分/內裡長度（肩到底部）約43公分/胸圍約50-60公分"
"SC2156S-H2H","1-2歲","女",,"總長（肩到底部）約63.5公分/內裡長度（肩到底部）約43公分/胸圍約50-60公分"
"SC2154M-H2H","3-4歲","女",,"總長（肩到底部）約 71公分/內裡長度（肩到底部）約50公分/胸圍約55-66公分"
"SE2152S-H2H","1-2歲","女","腰帶可調整，最寬可至51公分","長度: 30.5cm/寬度: 45.5cm Adjustable/腰帶長度約51公分"
"SE2154S-H2H","1-2歲","女","腰帶可調整，最寬可至51公分","長度: 30.5cm/寬度: 45.5cm Adjustable/腰帶長度約51公分"
"SE2156S-H2H","1-2歲","女","腰帶可調整，最寬可至51公分","長度30.5公分/寬度約45公分/腰帶長度約51公分"
"BW2151AS-H2H","0-18個月","女",,
"BW2154S-H2H","0-18個月","女",,
"BW2156S-H2H","0-18個月","女",,
"BW2150S-H2H","0-18個月","女",,
"BW2151AL-H2H","1.5歲-12歲","女",,
"BW2154L-H2H","1.5歲-12歲","女",,
"BW2156L-H2H","1.5歲-12歲","女",,
"BW2152L-H2H","1.5歲-12歲","女",,
"GM04-H2H",,"男,女",,"25.4 x 25.4公分"
"11301N-S-UBSN","1-2歲","男,女",,
"11301N-M-UBSN","2-4歲","男,女",,
"11303N-S-UBSN","1-2歲","男,女",,
"11303N-M-UBSN","2-4歲","男,女",,
"11104N-S-UBSN","1-2歲","男,女",,
"11104N-M-UBSN","2-4歲","男,女",,
"11306N-S-UBSN","1-2歲","男,女",,
"11306N-M-UBSN","2-4歲","男,女",,
"11305N-S-UBSN","1-2歲","男,女",,
"11305N-M-UBSN","2-4歲","男,女",,
"21208N-S-UBSN","1-2歲","男,女",,
"21208N-M-UBSN","2-4歲","男,女",,
"11309N-S-UBSN","1-2歲","男,女",,
"11309N-M-UBSN","2-4歲","男,女",,
"11310N-S-UBSN","1-2歲","男,女",,
"11310N-M-UBSN","2-4歲","男,女",,
"11301B-M-UBSN","2-4歲","男,女",,
"11301B-L-UBSN","5-8歲","男,女",,
"11303B-M-UBSN","2-4歲","男,女",,
"11303B-L-UBSN","5-8歲","男,女",,
"11304B-M-UBSN","2-4歲","男,女",,
"11304B-L-UBSN","5-8歲","男,女",,
"11305B-M-UBSN","2-4歲","男,女",,
"11305B-L-UBSN","5-8歲","男,女",,
"11306B-M-UBSN","2-4歲","男,女",,
"11306B-L-UBSN","5-8歲","男,女",,
"21208B-M-UBSN","2-4歲","男,女",,
"21208B-L-UBSN","5-8歲","男,女",,
"11310B-M-UBSN","2-4歲","男,女",,
"11310B-L-UBSN","5-8歲","男,女",,
"11311B-M-UBSN","2-4歲","男,女",,
"11311B-L-UBSN","5-8歲","男,女",,
"11312B-M-UBSN","2-4歲","男,女",,
"11312B-L-UBSN","5-8歲","男,女",,
"21101S-UBSN","2-8歲","男",,
"21104S-UBSN","2-8歲","男",,
"21105S-UBSN","2-8歲","男",,
"CocoSnow-MLS","6個月到16公斤","男,女",,"約20 x 4 x 15 cm"
"HudsonStripe-MLS","6個月到16公斤","男,女",,"約20 x 4 x 15 cm"
"Minky.BB-ISSMA","8歲以下","男,女",,"Hooded Towel X 1 -38"" X 38""(約97 X 97cm)/ Washcloth X 1- 8”x 8”(約20 X 20 cm)"
"Minky.BP-ISSMA","8歲以下","男,女",,"Hooded Towel X 1 -38"" X 38""(約97 X 97cm)/ Washcloth X 1- 8”x 8”(約20 X 20 cm)"
"Minky.CB-ISSMA","8歲以下","男,女",,"Hooded Towel X 1 -38"" X 38""(約97 X 97cm)/ Washcloth X 1- 8”x 8”(約20 X 20 cm)"
"Minky.CP-ISSMA","8歲以下","男,女",,"Hooded Towel X 1 -38"" X 38""(約97 X 97cm)/ Washcloth X 1- 8”x 8”(約20 X 20 cm)"
"ZF.LPK-ISSMA","8歲以下","男,女",,"Hooded Towel X 1 -38"" X 38""(約97 X 97cm)/ Washcloth X 1- 8”x 8”(約20 X 20 cm)"
"ZF.BLCW-ISSMA","8歲以下","男,女",,"Hooded Towel X 1 -38"" X 38""(約97 X 97cm)/ Washcloth X 1- 8”x 8”(約20 X 20 cm)"
"ZF.ZBR-ISSMA","8歲以下","男,女",,"Hooded Towel X 1 -38"" X 38""(約97 X 97cm)/ Washcloth X 1- 8”x 8”(約20 X 20 cm)"
"ZF.GRF-ISSMA","8歲以下","男,女",,"Hooded Towel X 1 -38"" X 38""(約97 X 97cm)/ Washcloth X 1- 8”x 8”(約20 X 20 cm)"
"Airplane-ISSMA","8歲以下","男,女",,"Hooded Towel X-1, 97cm X 97cm/Washcloth X -1, 20 X 20 cm"
"Buttrfly-ISSMA","8歲以下","男,女",,"Hooded Towel X-1, 97cm X 97cm/Washcloth X -1, 20 X 20 cm"
"LemonHrt-ISSMA","8歲以下","男,女",,"Hooded Towel X-1, 97cm X 97cm/Washcloth X -1, 20 X 20 cm"
"UrbanZoo-ISSMA","8歲以下","男,女",,"Hooded Towel X-1, 97cm X 97cm/Washcloth X -1, 20 X 20 cm"
"Monkeys-ISSMA","8歲以下","男,女",,"Hooded Towel X-1, 97cm X 97cm/Washcloth X -1, 20 X 20 cm"
"1127B-MAGBB","0-3個月","男","0-3個月",
"1128G-MAGBB","0-3個月","女","0-3個月",
"1422G-3M-MAGBB","3-6個月","女","3-6個月",
"1423B-3M-MAGBB","3-6個月","男","3-6個月",
"1520G-NB-MAGBB","0-3個月","女","0-3個月",
"1521B-NB-MAGBB","0-3個月","男","0-3個月",
"1524G-6M-MAGBB","6-9個月","女","6-9個月",
"1525B-6M-MAGBB","6-9個月","男","6-9個月",
"1526G-3M-MAGBB","3-6個月","女","3-6個月",
"1526G-6M-MAGBB","6-9個月","女","6-9個月",
"1526G-9M-MAGBB","9-12個月","女","9-12個月",
"1527B-3M-MAGBB","3-6個月","男","3-6個月",
"1527B-6M-MAGBB","6-9個月","男","6-9個月",
"1527B-9M-MAGBB","9-12個月","男","9-12個月",
"1528G-6M-MAGBB","6-9個月","女","6-9個月",
"1528G-9M-MAGBB","9-12個月","女","9-12個月",
"1529B-6M-MAGBB","6-9個月","男","6-9個月",
"1529B-9M-MAGBB","9-12個月","男","9-12個月",
"1730G-9M-MAGBB","9-12個月","女","9-12個月",
"1731B-9M-MAGBB","9-12個月","男","9-12個月",
"1820G-3M-MAGBB","3-6個月","女","3-6個月",
"1820G-6M-MAGBB","6-9個月","女","6-9個月",
"1820G-9M-MAGBB","9-12個月","女","9-12個月",
"1821B-3M-MAGBB","3-6個月","男","3-6個月",
"1821B-6M-MAGBB","6-9個月","男","6-9個月",
"1821B-9M-MAGBB","9-12個月","男","9-12個月",
"TYPZSS-PK","２歲以上","男,女",,"26.67 cm x 26.67 cm/0.45kg"
"FFKIKO-PK","1歲以上","男,女",,"40.64 cm X 28 cm X 38.1cm / 1.8公斤"
"FFLILA-PK","1歲以上","男,女",,"40.64 cm X 28 cm X 38.1cm / 1.8公斤"
"KBCHO003-KBOOST","耐重達136公斤","男,女",,"<li>適用於對角距離49.5cm到76.2cm的四腳座椅</li>
<li>2階段高度可選擇9.5cm/11.4cm</li>
<li>收合後增高架大小約16.5cm x 30cm</li>
<li>重量約1.5公斤</li>"
"KBGRE000-KBOOST","耐重達136公斤","男,女",,"<li>適用於對角距離49.5cm到76.2cm的四腳座椅</li>
<li>2階段高度可選擇9.5cm/11.4cm</li>
<li>收合後增高架大小約16.5cm x 30cm</li>
<li>重量約1.5公斤</li>"
"KBNAT001-KBOOST","耐重達136公斤","男,女",,"<li>適用於對角距離49.5cm到76.2cm的四腳座椅</li>
<li>2階段高度可選擇9.5cm/11.4cm</li>
<li>收合後增高架大小約16.5cm x 30cm</li>
<li>重量約1.5公斤</li>"
"CHTSLS3BL-LTGF","0-6個月","男,女","0-6個月","約39x 62公分"
"CHTSLS3CR-LTGF","0-6個月","男,女","0-6個月","約39x 62公分"
"CHTSLS3PK-LTGF","0-6個月","男,女","0-6個月","約39x 62公分"
"MSNDSLS3BL-LTGF","3-6個月","男,女","3-6個月","約39x 62公分"
"MSNDSLS3CE-LTGF","3-6個月","男,女","3-6個月","約39x 62公分"
"MSNDSLS3PK-LTGF","3-6個月","男,女","3-6個月","約39x 62公分"
"MSLNDSK3BL-LTGF","3-6個月","男,女","3-6個月","約39x 62公分"
"LXDBLGBL-LTGF","新生","男,女","新生","40 x 40 cm公分"
"LXDBLGPK -LTGF","新生","男,女","新生","40 x 40 cm公分"
"LXDRLGBL-LTGF","3個月以上","男,女","3個月以上","18 x 15 x 7公分"
"LXDRLGPK-LTGF","3個月以上","男,女","3個月以上","18 x 15 x 7公分"
"CHCFBLYSV-LTGF","新生","男,女","新生","約35.5cm x35.5公分"
"CHTWPK-LTGF","新生","男,女","新生","連帽浴巾約104x61公分、毛巾約23x23公分"
"CHTWBL-LTGF","新生","男,女","新生","連帽浴巾約104x61公分、毛巾約23x23公分"
"MSCBKTPK-LTGF","新生","男,女","新生","約117 x112cm"
"MSCBKTBL-LTGF","新生","男,女","新生","約117 x112cm"
"MSCBKTSV-LTGF","新生","男,女","新生","約117 x112cm"
"LXDPLGBL-LTGF","新生","男,女","新生","30 x 23公分"
"LXDPLGCE-LTGF","新生","男,女","新生","30 x 23公分"
"1001-LILACOSM","1歲以上","女",,"14ml/液態0.5oz."
"1002-LILACOSM","1歲以上","女",,"14ml/液態0.5oz."
"1005-LILACOSM","1歲以上","女",,"14ml/液態0.5oz."
"1006-LILACOSM","1歲以上","女",,"14ml/液態0.5oz."
"1007-LILACOSM","1歲以上","女",,"14ml/液態0.5oz."
"1012-LILACOSM","1歲以上","女",,"14ml/液態0.5oz."
"1200-LILACOSM","1歲以上","女",,"液體2oz"
"1305-LILACOSM","1歲以上","女",,"14ml/液態0.5oz."
"MMYellow-MM","10個月以上","男,女",,"約13.5x10x10公分、96公克"
"MMPink-MM","10個月以上","男,女",,"約13.5x10x10公分、96公克"
"MMBlue-MM","10個月以上","男,女",,"約13.5x10x10公分、96公克"
"SSSensor-CLOUDB","新生","男,女",,"約18x20x28公分"
"TTBlue-CLOUDB","２歲以上","男,女",,"約36cm L x 10cm H"
"TTPurple-CLOUDB","２歲以上","男,女",,"約36cm L x 10cm H"
"TLBPink-CLOUDB","3歲以上","男,女",,"30cm x 18cm x 9cm"
"TRTAqua-CLOUDB","3歲以上","男,女",,"30長x19寬x10高cm"
"R2C-FU-1-PLUIE","1-3歲","女","1-3歲","肩寬約28cm,總長約43cm,袖長約24cm"
"R2B-FU-6-PLUIE",,"女","Size 6","雨鞋內墊約14.5cm"
"R2U-FU-PLUIE","1-6歲","女","1-6歲","One-size (傘架長度約48cm)"
"R2C-FU-2-PLUIE","2-4歲 ","女","2-4歲 ","肩寬約30cm,總長約48.5cm,袖長約28cm"
"R2C-FU-4-PLUIE","4-6歲","女","4-6歲","肩寬約32cm,總長約58cm,袖長約36cm"
"R2B-FU-8-PLUIE",,"女","Size 8","鞋內墊約16.5cm"
"RC-FP-1-PLUIE","1-3歲","女","1-3歲","肩寬約28cm,總長約43cm,袖長約24cm"
"RC-FP-2-PLUIE","2-4歲 ","女","2-4歲 ","肩寬約30cm,總長約48.5cm,袖長約28cm"
"RC-FP-4-PLUIE","4-6歲","女","4-6歲","肩寬約32cm,總長約58cm,袖長約36cm"
"RB-FP-6-PLUIE",,"女","Size 6","雨鞋內墊約14.5cm"
"RU-FP-PLUIE","1-6歲","女","1-6歲","One-size (傘架長度約48cm)"
"RC-CD-1-PLUIE","1-3歲","女","1-3歲","肩寬約28cm,總長約43cm,袖長約24cm"
"RC-CD-2-PLUIE","2-4歲 ","女","2-4歲 ","肩寬約30cm,總長約48.5cm,袖長約28cm"
"RC-CD-4-PLUIE","4-6歲","女","4-6歲","肩寬約32cm,總長約58cm,袖長約36cm"
"RB-CD-6-PLUIE",,"女","Size 6","雨鞋內墊約14.5cm"
"RB-CD-8-PLUIE",,"女","Size 8","鞋內墊約16.5cm"
"RU-CD-PLUIE","1-6歲","女","1-6歲","One-size (傘架長度約48cm)"
"RC-CC-1-PLUIE","1-3歲","男","1-3歲","肩寬約28cm,總長約43cm,袖長約24cm"
"RC-CC-2-PLUIE","2-4歲 ","男","2-4歲 ","肩寬約30cm,總長約48.5cm,袖長約28cm"
"RC-CC-4-PLUIE","4-6歲","男","4-6歲","肩寬約32cm,總長約58cm,袖長約36cm"
"RB-CC-6-PLUIE",,"男","Size 6","雨鞋內墊約14.5cm"
"RB-CC-8-PLUIE",,"男","Size 8","雨鞋內墊約16.5cm"
"RB-CC-10-PLUIE",,"男","Size 10","雨鞋內墊約18.5cm"
"RU-CC-PLUIE","1-6歲","男","1-6歲","One-size (傘架長度約48cm)"
"RC-NB-1-PLUIE","1-3歲","男","1-3歲","肩寬約28cm,總長約43cm,袖長約24cm"
"RC-NB-2-PLUIE","2-4歲 ","男","2-4歲 ","肩寬約30cm,總長約48.5cm,袖長約28cm"
"RC-NB-4-PLUIE","4-6歲","男","4-6歲","肩寬約32cm,總長約58cm,袖長約36cm"
"RB-NB-6-PLUIE",,"男","Size 6","雨鞋內墊約14.5cm"
"RB-NB-8-PLUIE",,"男","Size 8","雨鞋內墊約16.5cm"
"RB-NB-10-PLUIE",,"男","Size 10","雨鞋內墊約18.5cm"
"RU-NB-PLUIE","1-6歲","男","1-6歲","One-size (傘架長度約48cm)"
"RC-PD-1-PLUIE","1-3歲","女","1-3歲","肩寬約28cm,總長約43cm,袖長約24cm"
"RC-PD-2-PLUIE","2-4歲 ","女","2-4歲 ","肩寬約30cm,總長約48.5cm,袖長約28cm"
"RC-PD-4-PLUIE","4-6歲","女","4-6歲","肩寬約32cm,總長約58cm,袖長約36cm"
"RB-PD-6-PLUIE",,"女","Size 6","雨鞋內墊約14.5cm"
"RB-PD-8-PLUIE",,"女","Size 8","雨鞋內墊約16.5cm"
"RB-PD-10-PLUIE",,"女","Size 10","雨鞋內墊約18.5cm"
"RU-PD-PLUIE","1-6歲","女","1-6歲","One-size (傘架長度約48cm)"
"RC-GP-1-PLUIE","1-3歲","男,女","1-3歲","肩寬約28cm,總長約43cm,袖長約24cm"
"RC-GP-2-PLUIE","2-4歲 ","男,女","2-4歲 ","肩寬約30cm,總長約48.5cm,袖長約28cm"
"RC-GP-4-PLUIE","4-6歲","男,女","4-6歲","肩寬約32cm,總長約58cm,袖長約36cm"
"RB-GP-6-PLUIE",,"男,女","Size 6","雨鞋內墊約14.5cm"
"RB-GP-8-PLUIE",,"男,女","Size 8","雨鞋內墊約16.5cm"
"RB-GP-10-PLUIE",,"男,女","Size 10","雨鞋內墊約18.5cm"
"RU-GP-PLUIE","1-6歲","男,女","1-6歲","One-size (傘架長度約48cm)"
"RC-RK-1-PLUIE","1-3歲","男,女","1-3歲","肩寬約28cm,總長約43cm,袖長約24cm"
"RC-RK-2-PLUIE","2-4歲 ","男,女","2-4歲 ","肩寬約30cm,總長約48.5cm,袖長約28cm"
"RC-RK-4-PLUIE","4-6歲","男,女","4-6歲","肩寬約32cm,總長約58cm,袖長約36cm"
"RB-RK-6-PLUIE",,"男,女","Size 6","雨鞋內墊約14.5cm"
"RB-RK-8-PLUIE",,"男,女","Size 8","雨鞋內墊約16.5cm"
"RB-RK-10-PLUIE",,"男,女","Size 10","雨鞋內墊約18.5cm"
"RU-RK-PLUIE","1-6歲","男,女","1-6歲","One-size (傘架長度約48cm)"
"R2C-NY-1-PLUIE","1-3歲","男,女","1-3歲","肩寬約28cm,總長約43cm,袖長約24cm"
"R2C-NY-2-PLUIE","2-4歲 ","男,女","2-4歲 ","肩寬約30cm,總長約48.5cm,袖長約28cm"
"R2C-NY-4-PLUIE","4-6歲","男,女","4-6歲","肩寬約32cm,總長約58cm,袖長約36cm"
"R2B-NY-6-PLUIE",,"男,女","Size 6","雨鞋內墊約14.5cm"
"R2B-NY-8-PLUIE",,"男,女","Size 8","雨鞋內墊約16.5cm"
"R2B-NY-10-PLUIE",,"男,女","Size 10","雨鞋內墊約18.5cm"
"R2U-NY-PLUIE","1-6歲","男,女","1-6歲","One-size (傘架長度約48cm)"
"RB-PS-6-PLUIE",,"女","Size 6","雨鞋內墊約14.5cm"
"RB-PS-8-PLUIE",,"女","Size 8","雨鞋內墊約16.5cm"
"CAD-walrus-3SP",,"男,女",,"約38 x 38 cm(含提帶) / 38 x 14 cm(袋身)"
"BOX-dragon-3SP",,"男,女",,"約33 x 33 x 33 cm"
"BOX-pcock-3SP",,"男,女",,"約33 x 33 x 33 cm"
"BOX-unicorn-3SP",,"男,女",,"約33 x 33 x 33 cm"
"BIN-bear-3SP",,"男,女",,"高約44 cm / 直徑約43 cm"
"BIN-camel-3SP",,"男,女",,"高約44 cm / 直徑約43 cm"
"BIN-Owl-3SP",,"男,女",,"高約44 cm / 直徑約43 cm"
"WCJ-NB-LORALIN","0-3個月","男,女","0-3個月",
"WCJ-3M-LORALIN"," 3-6個月","男,女"," 3-6個月",
"WCJ-6M-LORALIN"," 6-12個月","男,女"," 6-12個月",
"WCP-NB-LORALIN","0-3個月","男,女","0-3個月",
"WCP-3M-LORALIN","3-6個月","男,女","3-6個月",
"WCP-6M-LORALIN","6-12個月","男,女","6-12個月",
"BW-3M-LORALIN","3-6個月","男,女","3-6個月",
"BW-6M-LORALIN","6-12個月","男,女","6-12個月",
"BW-12M-LORALIN","12-18個月","男,女","12-18個月",
"BWR-3M-LORALIN","3-6個月","男,女","3-6個月",
"BWR-6M-LORALIN","6-12個月","男,女","6-12個月",
"BWR-12M-LORALIN","12-18個月","男,女","12-18個月",
"BWT-3M-LORALIN","3-6個月","男,女","3-6個月",
"BWT-6M-LORALIN","6-12個月","男,女","6-12個月",
"BWT-12M-LORALIN","12-18個月","男,女","12-18個月",
"WB-3M-LORALIN","3-6個月","男,女","3-6個月",
"WB-6M-LORALIN","6-12個月","男,女","6-12個月",
"WB-12M-LORALIN","12-18個月","男,女","12-18個月",
"ZN-LORALIN","0-4個月","男,女","0-4個月",
"ZB-LORALIN","0-4個月","男,女","0-4個月",
"HN-6M-LORALIN","6-12個月","男,女","6-12個月",
"HN-12M-LORALIN","12-18個月","男,女","12-18個月",
"HE-6M-LORALIN","6-12個月","男,女","6-12個月",
"HE-12M-LORALIN","12-18個月","男,女","12-18個月",
"OG-3M-LORALIN","3-6個月","男,女","3-6個月",
"OG-6M-LORALIN","6-12個月","男,女","6-12個月",
"OG-12M-LORALIN","12-18個月","男,女","12-18個月",
"BUS-LORALIN","0-4個月","男,女","0-4個月",
"BNS-LORALIN","0-4個月","男,女","0-4個月",
"RB-3M-LORALIN","3-6個月","男,女","3-6個月",
"RB-6M-LORALIN","6-12個月","男,女","6-12個月",
"RDM2T-EROSE","2-3歲","女","2-3歲","肩寬約24cm/前裙長約48cm後裙長約51cm"
"RDM3T-EROSE","3-4歲","女","3-4歲",
"PDO6-12M-EROSE","6-12個月","女","6-12個月",
"CDP18M-EROSE","12-18個月","女","12-18個月","肩寬約20cm/總長約40cm"
"CDO18M-EROSE","12-18個月","女","12-18個月","肩寬約24cm/袖長約27.5cm/總長約46cm"
"CDO2T-EROSE","2-3歲","女","2-3歲",
"KTO18M-EROSE","12-18個月","女","12-18個月","肩寬約24cm/袖長約24cm/總長約43cm"
"KTO2T-EROSE","2-3歲","女","2-3歲",
"KTO3T-EROSE","3-4歲","女","3-4歲",
"KTG18M-EROSE","12-18個月","女","12-18個月","肩寬約24cm/袖長約24cm/總長約43cm"
"KTG2T-EROSE","2-3歲","女","2-3歲",
"KTG3T-EROSE","3-4歲","女","3-4歲",
"MDO18M-EROSE","12-18個月","女","12-18個月",
"MDO2T-EROSE","2-3歲","女","2-3歲",
"MDO3T-EROSE","3-4歲","女","3-4歲",
"EDLD6-12M-EROSE","6-12個月","女","6-12個月","總長約36cm"
"EDLD2T-EROSE","2-3歲","女","2-3歲",
"EDLD3T-EROSE","3-4歲","女","3-4歲",
"MTN-005-MTN","新生","男,女",,"8oz/約250ml"
"MTN-001-MTN","新生","男,女",,"12oz/約355ml"
"MTN-010-MTN","新生","男,女",,"8oz/約250ml"
"MTN-029-MTN","新生","男,女",,"8oz/約250ml"
"MTN-026-MTN","新生","男,女",,"<li>有機草本兒童泡泡浴 355ml</li> <li>有機草本2合1洗髮沐浴露1瓶 250ml</li> <li>有機草本舒緩護膚乳液1瓶 250ml</li>"
"22LAV9-TPC","2-4歲","女","2-4歲","裙長約21cm/鬆緊腰帶平放約23cm,最大可拉至33cm(左至右測量)"
"22809RdShk9-TPC+Wng809Red-TPC","2-4歲","女","2-4歲","緞帶蓬裙 - 裙長度約20cm / 鬆緊腰帶平放約23cm, 最大約35cm(左至右測量)，扮裝翅膀 - 長約30.5cm / 寬約21cm"
"22809TrqPk9-TPC+Wng809Blue-TPC","2-4歲","女","2-4歲","緞帶蓬裙 - 裙長度約20cm / 鬆緊腰帶平放約23cm, 最大約35cm(左至右測量)，扮裝翅膀-長約30.5cm/寬約21cm"
"22Lav6-TPC","0-1歲","女","0-1歲","6”-- 腰到下擺長度約15cm"
"22Lav7-TPC","1-2歲","女","1-2歲","7”--腰到下擺長度約17.8cm"
"22Wht6-TPC","0-1歲","女","0-1歲","6”-- 腰到下擺長度約15cm"
"22Wht7-TPC","1-2歲","女","1-2歲","7”--腰到下擺長度約17.8cm"
"22HotPk6-TPC","0-1歲","女","0-1歲","6”-- 腰到下擺長度約15cm"
"22HotPk7-TPC","1-2歲","女","1-2歲","7”--腰到下擺長度約17.8cm"
"22BdayPK7-Set-TPC:WngBdayPK-TPC+22BdayPK7-TPC","1-2歲","女","1-2歲","裙長約17cm/鬆緊腰帶平放約22cm,最大約38cm(左至右測量)，長約30.5cm/寬約21cm"
"22BdayLAV7-Set-TPC:WngBdayLAV-TPC+22BdayLAV7-TPC","1-2歲","女","1-2歲","裙長約17cm/鬆緊腰帶平放約22cm,最大約38cm(左至右測量)，長約30.5cm/寬約21cm"
"22PKNV6-TPC ","0-1歲","女","0-1歲","裙長約15cm / 鬆緊腰帶平放約20cm, 最大約30cm (左至右測量)"
"22PKGNM6-TPC","0-1歲","女","0-1歲","裙長約15cm / 鬆緊腰帶平放約20cm, 最大約30cm (左至右測量)"
"22LcEgClnl6-TPC","0-1歲","女","0-1歲","裙長約12.5cm/鬆緊腰帶平放約20cm,最大可拉至30cm(左至右測量)"
"22LcEgPriW6-TPC","0-1歲","女","0-1歲","裙長約12.5cm/鬆緊腰帶平放約20cm,最大可拉至30cm(左至右測量)"
"1212RB-KSTYL",,"男,女",,"30.5公分 x 30.5公分 x 30.5公分"
"1212P-KSTYL",,"男,女",,"30.5公分 x 30.5公分 x 30.5公分"
"1212SG-KSTYL",,"男,女",,"30.5公分 x 30.5公分 x 30.5公分"
"9400-KSTYL",,"男,女",,"30.5公分 x 30.5公分 x 30.5公分"
"9425-KSTYL",,"男,女",,"30.5公分 x 30.5公分 x 30.5公分"
"9475-KSTYL",,"男,女",,"30.5公分 x 30.5公分 x 30.5公分"
"9500-KSTYL",,"男,女",,"30.5公分 x 30.5公分 x 30.5公分"
"9460-KSTYL",,"男,女",,"30.5公分 x 30.5公分 x 30.5公分"
"9470-KSTYL",,"男,女",,"30.5公分 x 30.5公分 x 30.5公分"
"8933100-KSTYL",,"男,女",,"大 - 長20.3公分 x 寬30.5公分 x 高8.9公分，中 - 長17.8公分 x 寬25.4公分 x 高8.2公分，小 - 長15.2公分 x 寬20.3公分 x 高7.6公分"
"8947000-KSTYL",,"男,女",,"大 - 長20.3公分 x 寬30.5公分 x 高8.9公分，中 - 長17.8公分 x 寬25.4公分 x 高8.2公分，小 - 長15.2公分 x 寬20.3公分 x 高7.6公分"
"4013547-KSTYL",,"男,女",,"長25.4公分x寬14公分x高23公分"
"4043617-KSTYL",,"男,女",,"長25.4公分x寬14公分x高23公分"
"SSFox1ZNat12mo-CLK","6-12個月","男,女","6-12個月","適用7-10公斤/63-71公分"
"SSFox1ZNat18mo-CLK","12-18個月","男,女","12-18個月","適用10-12公斤/73-79公分"
"SSOwl1ZDjn6mo-CLK","3-6個月","男,女","3-6個月","適用3-7公斤/43-61公分"
"SSOwl1ZDjn12mo-CLK","6-12個月","男,女","6-12個月","適用7-10公斤/63-71公分"
"SSBee1ZNat6mo-CLK","3-6個月","男,女","3-6個月","適用3-7公斤/43-61公分"
"SSBee1ZNat12mo-CLK","6-12個月","男,女","6-12個月","適用7-10公斤/63-71公分"
"SSPan1ZBLk12mo-CLK","6-12個月","男,女","6-12個月","適用7-10公斤/63-71公分"
"SSPan1ZBlk18mo-CLK","12-18個月","男,女","12-18個月","適用10-12公斤/73-79公分"
"SSDin1ZLmn6mo-CLK","3-6個月","男,女","3-6個月","適用3-7公斤/43-61公分"
"SSDin1ZLmn12mo-CLK","6-12個月","男,女","6-12個月","適用7-10公斤/63-71公分"
"SSBun1ZPnk6mo-CLK","3-6個月","男,女","3-6個月","適用3-7公斤/43-61公分"
"SSBun1ZPnk12mo-CLK","6-12個月","男,女","6-12個月","適用7-10公斤/63-71公分"
"SSCow1ZGrn6mo-CLK","3-6個月","男,女","3-6個月","適用3-7公斤/43-61公分"
"SSCow1ZGrn12mo-CLK","6-12個月","男,女","6-12個月","適用7-10公斤/63-71公分"
"LSBun1ZRed6mo-CLK","3-6個月","男,女","3-6個月","適用3-7公斤/43-61公分"
"LSBun1ZRed18mo-CLK","12-18個月","男,女","12-18個月","適用10-12公斤/73-79公分"
"LSSeal1ZBl12mo-CLK","6-12個月","男,女","6-12個月","適用7-10公斤/63-71公分"
"LSSeal1ZBl18mo-CLK","12-18個月","男,女","12-18個月","適用10-12公斤/73-79公分"
"LSDino1ZNav6mo-CLK","3-6個月","男,女","3-6個月","適用3-7公斤/43-61公分"
"LSDino1ZNav12mo-CLK","6-12個月","男,女","6-12個月","適用7-10公斤/63-71公分"
"LSDinoTNav2T-CLK","2-3歲","男,女","2-3歲","2T-長度53公分/胸圍81-91公分"
"LSDinoTNav4T-CLK","4-5歲","男,女","4-5歲","4T-長度56公分/胸圍91-102公分"
"LSSealTNav2T-CLK","2-3歲","男,女","2-3歲","2T-長度53公分/胸圍81-91公分"
"LSSealTNav4T-CLK","4-5歲","男,女","4-5歲","4T-長度56公分/胸圍91-102公分"
"SSCowTGrn2T-CLK","2-3歲","男,女","2-3歲","2T-長度53公分/胸圍81-91公分"
"SSCowTGrn4T-CLK","4-5歲","男,女","4-5歲","4T-長度56公分/胸圍91-102公分"
"SSPanTOrng2T-CLK","2-3歲","男,女","2-3歲","2T-長度53公分/胸圍81-91公分"
"SSPanTOrng4T-CLK","4-5歲","男,女","4-5歲","4T-長度56公分/胸圍91-102公分"
"SSOwlTDj2T-CLK","2-3歲","男,女","2-3歲","2T-長度53公分/胸圍81-91公分"
"SSOwlTDj4T-CLK","4-5歲","男,女","4-5歲","4T-長度56公分/胸圍91-102公分"
"YellowBib-CLK","0-3歲","男,女","0-3歲","one size"
"BlackBib-CLK","0-3歲","男,女","0-3歲","one size"
"PolkaBib-CLK","0-3歲","男,女","0-3歲","one size"
"MMGreen-MM","10個月以上","男,女",,"約13.5x10x10公分、96公克"
"RBWSDNB-P100-RB","0-3個月","女","0-3個月",
"RBWSD03-P100-RB","3-6個月","女","3-6個月",
"RBWSD06-P100-RB","6-12個月","女","6-12個月",
"RBWSD12-P100-RB","12-18個月","女","12-18個月",
"RBWSD18-P100-RB","18-24個月 ","女","18-24個月 ",
"RBWSD2T-P100-RB","2-3歲","女","2-3歲",
"RCDDB06-0000-RB","6-12個月","女","6-12個月",
"RCDDB12-0000-RB","12-18個月","女","12-18個月",
"RCDDB18-0000-RB","18-24個月 ","女","18-24個月 ",
"RCDDB2T-0000-RB","2-3歲","女","2-3歲",
"RLKBK00-0000-RB","0-6個月 ","女","0-6個月 ",
"RLKBK06-0000-RB","6-12個月","女","6-12個月",
"RLKGY00-0000-RB","0-6個月 ","女","0-6個月 ",
"RLKGY06-0000-RB","6-12個月","女","6-12個月",
"RCKLA12-0000-RB","12-18個月","女","12-18個月",
"RCKLA18-0000-RB","18-24個月 ","女","18-24個月 ",
"RCKLA2T-0000-RB","2-3歲","女","2-3歲",
"GJDMB18-0000-RB","18-24個月 ","女","18-24個月 ",
"GJDMB2T-0000-RB","2-3歲","女","2-3歲",
"53181PastelKitchen-KK","3歲以上","男,女",,"107.3公分(長) x40.6(公分)寬x109.2公分(高)/重量：38.4公斤"
"53260EspressoKitchen-KK","3歲以上","男,女",,"108公分(長) x43.4(公分)寬x104公分(高)/重量：36.3公斤"
"53173RedVintageKitchen-KK","3歲以上","男,女",,"83.8公分(長) x33(公分)寬x90.7公分(高)/重量：22.7公斤"
"53179PinkVintageKitchen-KK","3歲以上","男,女",,"83.8公分(長) x33(公分)寬x90.7公分(高)/重量：22.7公斤"
"65275PrettyPetalHouse-KK","3歲以上","男,女",,"49公分(長) x36(公分)寬x51.8公分(高)/重量：11公斤"
"21201AspenTableSetWhite-KK","3-8歲","男,女",,"桌子-61公分(長) x 61公分(寬) x 48公分(高),椅子-29公分(長) x 30公分(寬) x 27公分(高)/  重量：14公斤"
"26913HeartTable-KK","3-8歲","男,女",,"桌子-76.8公分(長) x 56.5公分(寬) x 52公分(高),椅子-29.8公分(長) x 29.8公分(寬) x50.8公分(高),椅面高度27.9公分/重量：17.4公斤"
"14956ToyBoxEspresso-KK","3-8歲","男,女",,"77.6公分(長) x46.4公分(寬) x 49.8公分(高),重量：15.5公斤"
"14951ToyBoxWht-KK","3-8歲","男,女",,"77.6公分(長) x46.4公分(寬) x 49.8公分(高),重量：15.5公斤"
"14953ToyBoxNat-KK","3-8歲","男,女",,"77.6公分(長) x46.4公分(寬) x 49.8公分(高),重量：15.5公斤"
"14221SlingBookshelfNat-KK","3歲以上","男,女",,"60.96公分(長) x 30.48公分(寬) x 71.12公分(高) ,重量：7.3公斤"
"1008-LILACOSM","1歲以上","女",,"14ml/液態0.5oz."
"1003-LILACOSM","1歲以上","女",,"14ml/液態0.5oz."
"1016-LILACOSM","1歲以上","女",,"14ml/液態0.5oz."
"1015-LILACOSM","1歲以上","女",,"14ml/液態0.5oz."
"1013-LILACOSM","1歲以上","女",,"14ml/液態0.5oz."
"1014-LILACOSM","1歲以上","女",,"14ml/液態0.5oz."
"1009-LILACOSM","1歲以上","女",,"14ml/液態0.5oz."
"1010-LILACOSM","1歲以上","女",,"14ml/液態0.5oz."
"1011-LILACOSM","1歲以上","女",,"14ml/液態0.5oz."
"1004-LILACOSM","1歲以上","女",,"14ml/液態0.5oz."
"E525001-EDUSHP","1歲以上","男,女",,"包裝約44×10x33(cm)"
"E547023-EDUSHP","3歲以上","男,女",,"包裝約25×25x6（cm）"
"E547024-EDUSHP","3歲以上","男,女",,"包裝約25×25x6（cm）"
"E547005-EDUSHP","2歲以上","男,女",,"包裝約25×25x6（cm）"
"E915019-EDUSHP","3歲以上","男,女",,"包裝約28×22x5（cm）"
"E526023-EDUSHP","1歲以上","男,女",,"包裝約24×22x4（cm）"
"E909006-EDUSHP","3歲以上","男,女",,"包裝約25×2x23.5（cm）"
"E706132-EDUSHP","3歲以上","男,女",,"每片約32×32cm/厚度1.3cm"
"E706150-EDUSHP","3歲以上","男,女",,"每片約32×32cm/厚度1.3cm"
"E705175-EDUSHP","6個月以上","男,女",,"包裝約22×10x26cm/球直徑約10cm"
"E851003-EDUSHP","6個月以上","男,女",,"約19×14x23cm"
"E975054-EDUSHP","3歲以上","男,女",,"包裝約30×10x21cm"
"E716167-EDUSHP","2歲以上","男,女",,"包裝約30.5×30.5x9.5cm"
"E705191-EDUSHP","6個月以上","男,女",,"包裝約21×8x23cm/球直徑約18cm"
"MBB1008.SOLO-MIXIE","新生","男,女",,"奶瓶組：240cc奶瓶 * 1 / 第二階段奶嘴 * 1,防脹氣奶嘴：高 2-2/8"" 英吋/底部直徑 5英吋,第一階段:單一圓孔(非十字形吸孔)/奶粉儲存盒：240ml容量約40公克"
"6973-LEARN","4-6歲","男,女",,"12.7x10.2cm"
"1455-LEARN","3-8歲","男,女",,"30.7x16x21.3cm"
"6906-LEARN","6-11歲","男,女",,"12.2x22.1x37.8cm"
"2781-LEARN","3-6歲","男,女",,"11.4x8.9cm"
"2421-LEARN","3-10歲","男,女",,"13x15cm"
"9162-LEARN","3-10歲","男,女",,"30.5x27.4x30.5cm"
"9153-LEARN","3-6歲","男,女",,"最長可至4英尺(約122公分)"
"2690-LEARN","3-9歲","男,女",,"25.6cm長x20.5cm寬x36.5cm高"
"2665-LEARN","3-6歲","男,女",,"30.2x9.1x30.7cm"
"85001-Shrunks","2歲以上","男,女",,"充氣後152×94×23（cm）／收折後40×18×18（cm）/重量：3公斤,最大承重：68公斤"
"88028-Shrunks","４歲以上","男,女",,"充氣後196×117×23（cm）／收折後40×18×18（cm）/4公斤,最大承重：68公斤"
"88046-Shrunks","2歲以上","男,女",,"充氣後122×18×10（cm）／收折後18×18×5（cm）,重量: 0.27公斤/最大承重：68公斤"
"88051-SHRUNKS","2歲以上","男,女",,"尺寸：66×127（cm）重量： 0.27公斤"
"5008-LILACOSM","1歲以上","女",,"10.5ml"
"5026-LILACOSM","1歲以上","女",,"10.5ml"
"5025-LILACOSM","1歲以上","女",,"10.5ml"
"5017-LILACOSM","1歲以上","女",,"10.5ml"
"5028-LILACOSM","1歲以上","女",,"10.5ml"
"5023-LILACOSM","1歲以上","女",,"10.5ml"
"5005-LILACOSM","1歲以上","女",,"10.5ml"
"5033-LILACOSM","1歲以上","女",,"10.5ml"
"5029-LILACOSM","1歲以上","女",,"10.5ml"
"5027-LILACOSM","1歲以上","女",,"10.5ml"
"2350-LEARN","4-6歲","男,女",,"15.2cm"
"2349-LEARN","4-6歲","男,女",,"15.2cm"
"2351-LEARN","3-6歲","男,女",,"16.7x12.9x6.6cm"
"2353-LEARN","3-6歲","男,女",,"16.7x12.9x6.6cm"
"2355-LEARN","3-6歲","男,女",,"16.7x12.9x6.6cm"
"2354-LEARN","3-6歲","男,女",,"16.7x12.9x6.6cm"
"2384-LEARN","3-6歲","男,女",,"16x28x10cm"
"HDJr4Pack+Ace-LEARN","3-6歲","男,女",,"16.7x12.9x6.6cm"
"HDJr4Pack+KatPen-LEARN","3-6歲","男,女",,"16.7x12.9x6.6cm"
"SDCBK12-FOD0-RB","12-18個月","女","12-18個月",
"SDSRD06-RUO0-RB","6-12個月","女","6-12個月",
"SDSRD12-RUO0-RB","12-18個月","女","12-18個月",
"SDSRD18-RUO0-RB","18-24個月 ","女","18-24個月 ",
"SDSRD2T-RUO0-RB","2-3歲","女","2-3歲",
"SDWPI06-RU00-RB","6-12個月","女","6-12個月",
"SDWPI12-RU00-RB","12-18個月","女","12-18個月",
"SDWPI18-RU00-RB","18-24個月 ","女","18-24個月 ",
"SDWPI2T-RU00-RB","2-3歲","女","2-3歲",
"SKSWH03-WS22-RB","3-6個月","女","3-6個月",
"SKSWH06-WS22-RB","6-12個月","女","6-12個月",
"SKSWH12-WS22-RB","12-18個月","女","12-18個月",
"SKSWH18-WS22-RB","18-24個月 ","女","18-24個月 ",
"SKSWH2T-WS22-RB","2-3歲","女","2-3歲",
"SKSWH3T-WS22-RB","3-4歲","女","3-4歲",
"SKSPI18-PM22-RB","18-24個月 ","女","18-24個月 ",
"SKSPI2T-PM22-RB","2-3歲","女","2-3歲",
"SKSPI3T-PM22-RB","3-4歲","女","3-4歲",
"RLKWH00-0000-RB","0-6個月","女","0-6個月",
"RLKWH06-0000-RB","6-12個月","女","6-12個月",
"RLKWH12-0000-RB","1-2歲","女","1-2歲",
"RLKWH2T-0000-RB","2-5歲","女","2-5歲",
"HOKPI18-PS00-RB","18-24個月","女","18-24個月",
"SSKFU06-PRC0-RB","6-12個月","女","6-12個月",
"SSKFU12-PRC0-RB","12-18個月","女","12-18個月",
"SSKFU18-PRC0-RB","18-24個月 ","女","18-24個月 ",
"SSKFU2T-PRC0-RB","2-3歲","女","2-3歲",
"SSKFU3T-PRC0-RB","3-4歲","女","3-4歲",
"PGKPL2T-PLO0-RB","2-3歲","女","2-3歲",
"PGKPL3T-PLO0-RB","3-4歲","女","3-4歲",
"PGKNV2T-NAO0-RB","2-3歲","女","2-3歲",
"PGKNV3T-NAO0-RB","3-4歲","女","3-4歲",
"GTWCH12-RF00-RB","12-18個月","女","12-18個月",
"GTWCH18-RF00-RB","18-24個月 ","女","18-24個月 ",
"GTWCH2T-RF00-RB","2-3歲","女","2-3歲",
"GTWCH3T-RF00-RB","3-4歲","女","3-4歲",
"ONKTE00-TES0-RB","0-3個月","女","0-3個月",
"ONKTE03-TES0-RB","3-6個月","女","3-6個月",
"ONKTE06-TES0-RB","6-12個月","女","6-12個月",
"ONKTE12-TES0-RB","12-18個月","女","12-18個月",
"ONKTE18-TES0-RB","18-24個月","女","18-24個月",
"ONMPI12-USLS-RB","18-24個月","女","18-24個月",
"BCKBR03-MOMO-RB","3-6個月","男","3-6個月",
"BCKBR06-MOMO-RB","6-12個月","男","6-12個月",
"BCKBR12-MOMO-RB","12-18個月","男","12-18個月",
"BOKOL00-SM00-RB","0-3個月","男,女","0-3個月",
"BOKOL03-SM00-RB","3-6個月","男,女","3-6個月",
"BOKOL06-SM00-RB","6-12個月","男,女","6-12個月",
"P4BRS-EdgePub",,"男,女",,
"K4BRS-EdgePub",,"男,女",,
"14BRS-EdgePub",,"男,女",,
"2629-LEARN","3-8歲","男,女",,"26.6cm長x24.1cm寬x13.9cm高"
"9082-LEARN","3-5歲","男,女",,"16.7x12.9x6.6cm"
"3294-LEARN","2-7歲","男,女",,"30.7x22.9x10.7cm"
"9155-LEARN","3-6歲","男,女",,"10.9x20.3x25.7cm"
"9266-LEARN","2-6歲","男,女",,"22.9x17.8x15.2cm"
"9730-LEARN","2-8歲","男,女",,"25.4x18.3x10.2cm"
"9732-LEARN","2-8歲","男,女",,"25.4x18.3x10.2cm"
"9720-LEARN","2-8歲","男,女",,"包裝約13x13x13cm"
"7287-LEARN","3-6歲","男,女",,"26.7x26.7x6.4cm"
"9077-LEARN","3-5歲","男,女",,"8.3x11.4cm"
"9048-LEARN","3-6歲","男,女",,"29.7x8.4x37.6cm"
"7201-LEARN","2-5歲","男,女",,"25.7x13x25.9cm"
"7203-LEARN","2-5歲","男,女",,"13x25.4x27.9cm"
"7207-LEARN","2-5歲","男,女",,"8.1x25.4x25.7cm"
"1422-6m-Tomat","6-12個月","男,女","6-12個月",
"1422-12m-Tomat","12-18個月","男,女","12-18個月",
"1442-6m-Tomat","6-12個月","男,女","6-12個月",
"1442-12m-Tomat","12-18個月","男,女","12-18個月",
"1421-6m-Tomat","6-12個月","男,女","6-12個月",
"1421-12m-Tomat","12-18個月","男,女","12-18個月",
"1441-6m-Tomat","6-12個月","男,女","6-12個月",
"1441-12m-Tomat","12-18個月","男,女","12-18個月",
"1301-12m-Tomat","12-18個月","男,女","12-18個月",
"8002-2T-Tomat","2-3歲 ","男,女","2-3歲 ",
"1411-12m-Tomat","12-18個月","女","12-18個月",
"1411-2T-Tomat","2-3歲 ","女","2-3歲 ",
"1104-12m-Tomat","12-18個月","女","12-18個月",
"1104-2T-Tomat","2-3歲 ","女","2-3歲 ",
"9011-12m-Tomat","12-18個月","女","12-18個月",
"9011-2T-Tomat","2-3歲 ","女","2-3歲 ",
"LimBwlr2y-CB","1-2歲","男","1-2歲",
"LimBwlr3y-CB","2-3歲 ","男","2-3歲 ",
"MstBwlr2y-CB","1-2歲","男","1-2歲",
"MstBwlr3y-CB","2-3歲 ","男","2-3歲 ",
"LimBrtch2yA-CB","1-2歲","男","1-2歲",
"LimBrtch3yA-CB","2-3歲 ","男","2-3歲 ",
"LimBrtch3yWhl-CB","2-3歲 ","男","2-3歲 ",
"MstBrtch2yC-CB","1-2歲","男","1-2歲",
"MstBrtch3yC-CB","2-3歲 ","男","2-3歲 ",
"CrlBrtch2yB-CB","1-2歲","男","1-2歲",
"CrlBrtch3yB-CB","2-3歲 ","男","2-3歲 ",
"MstBrtch3yWhl-CB","2-3歲 ","男","2-3歲 ",
"CrlBlmr1yTrtl-CB","0-1歲","女","0-1歲",
"CrlBlmr1yB-CB","0-1歲","男,女","0-1歲",
"CrlBlmr1yBrd-CB","0-1歲","男,女","0-1歲",
"CrlBlmr1yC-CB","0-1歲","男,女","0-1歲",
"LimBlmr1yA-CB","0-1歲","男,女","0-1歲",
"MstBxr1yi-CB","0-1歲","男","0-1歲",
"MstBxr2yi-CB","1-2歲","男","1-2歲",
"MstBxr2ySea-CB","1-2歲","男","1-2歲",
"MstBxr1yW-CB","0-1歲","男","0-1歲",
"MstBxr2yW-CB","1-2歲","男","1-2歲",
"MstBxr2yWhl-CB","1-2歲","男","1-2歲",
"I2-821-306-NB-UN","新生","女","新生",
"I2-821-307-NB-UN","新生","男","新生",
"I2-822-306-NB-UN","新生","女","新生",
"I2-822-307-NB-UN","新生","男","新生",
"I2-819-306-NB-UN","新生","女","新生",
"I2-819-307-NB-UN","新生","男","新生",
"I20-776-273-BU-UN","0-6個月","男,女","0-6個月",
"I20-775-273-TG-UN","0-3個月","男,女","0-3個月",
"I20-713-273-TG-UN","0-3個月","男,女","0-3個月",
"I2-836-304-TG-UN","6-9個月","女","6-9個月",
"BBR-Navy9m-UN","6-9個月","男,女","6-9個月",
"BBR-Navy18m-UN","12-18個月","男,女","12-18個月",
"RWL-Navy-9mo-UN","6-9個月","男,女","6-9個月",
"RWL-Navy-18mo-UN","12-18個月","男,女","12-18個月",
"SH-Wht-12mo-UN","3-12個月","女","3-12個月",
"SH-Wht-18mo-UN","1-2歲","女","1-2歲",
"2PCPOPLINWHT-12M-UN","6-12個月","女","6-12個月",
"2PCPOPLINWHT-18M-UN","12-18個月","女","12-18個月",
"2PCPOPLINWHT-24M-UN","18-24個月","女","18-24個月",
"I10-816-305-TG-UN","6-9個月","女","6-9個月",
"RDBlmr-Wht-6mo-UN","3-6個月","女","3-6個月",
"RDBlmr-Wht-9mo-UN","6-9個月","女","6-9個月",
"SHFloral-Pnk-12mo-UN","3-12個月","女","3-12個月",
"SHFloral-Pnk-24mo-UN","1-2歲","女","1-2歲",
"35NFE01S-EdgePub",,"男,女",,
"36TFE01S-EdgePub",,"男,女",,
"36WFC01S-EdgePub",,"男,女",,
"47AFW01S-EdgePub",,"男,女",,
