"sku","price","cost","special_price","special_from_date","special_to_date","max_sale_qty","import_tax","hs_code"
"FB20-WCARTS",1332,567,,,,"0.0000",0.0%,48142000004
"SeasonOS-WCARTS",1408,599,,,,"0.0000",0.0%,48142000004
"FB19-WCARTS",1332,567,,,,"0.0000",0.0%,48142000004
"IHartOwl-WCARTS",1777,756,,,,"0.0000",0.0%,48142000004
"DOTTILICIOUS-WCARTS",1184,504,,,,"0.0000",0.0%,48142000004
"FLUTTERFLIES2-WCARTS",1112,473,,,,"0.0000",0.0%,48142000004
"OVERLAPHEARTS-WCARTS",1332,567,,,,"0.0000",0.0%,48142000004
"BLOSSOMS-WCARTS",1112,473,,,,"0.0000",0.0%,48142000004
"7323-ZZ-CLOUDB",1039,504,,,,"0.0000",0.0%,
"7353-ZZ-CLOUDB",1039,504,,,,"0.0000",0.0%,
"7333-ZZ-CLOUDB",1169,567,,,,"0.0000",0.0%,
"7303-ZZ-CLOUDB",939,441,,,,"0.0000",0.0%,
"1266-MELDOUG",2218,944,"1299","2013-10-01 00:00:00","2016-10-01 00:00:00","0.0000",0.0%,
"1269-MELDOUG",1589,676,"899","2013-10-01 00:00:00","2016-10-01 00:00:00","0.0000",0.0%,
"2191-MELDOUG",926,394,"765","2013-10-01 00:00:00","2016-10-01 00:00:00","0.0000",0.0%,
"2281-MELDOUG",1109,472,"850","2013-10-01 00:00:00","2016-10-01 00:00:00","0.0000",0.0%,
"2783-MELDOUG",926,394,"765","2013-10-01 00:00:00","2016-10-01 00:00:00","0.0000",0.0%,
"3039-MELDOUG",926,394,"765","2013-10-01 00:00:00","2016-10-01 00:00:00","0.0000",0.0%,
"3044-MELDOUG",926,394,"765","2013-10-01 00:00:00","2016-10-01 00:00:00","0.0000",0.0%,
"3066-MELDOUG",740,315,"620","2013-10-01 00:00:00","2016-10-01 00:00:00","0.0000",0.0%,
"3130-MELDOUG",740,315,"620","2013-10-01 00:00:00","2016-10-01 00:00:00","0.0000",0.0%,
"3391-MELDOUG",740,315,"620","2013-10-01 00:00:00","2016-10-01 00:00:00","0.0000",0.0%,
"3777-MELDOUG",369,157,"310","2013-10-01 00:00:00","2016-10-01 00:00:00","0.0000",0.0%,
"4096-MELDOUG",740,315,"620","2013-10-01 00:00:00","2016-10-01 00:00:00","0.0000",0.0%,
"7001.3-PRNCLH",1049,482,,,,"0.0000",0.0%,
"7000.3-PRNCLH",1049,482,,,,"0.0000",0.0%,
"7018.2-PRNCLH",1489,696,,,,"0.0000",0.0%,
"7020.2-PRNCLH",1489,696,,,,"0.0000",0.0%,
"7140.2-PRNCLH",1275,614,,,,"0.0000",0.0%,
"7152.2-PRNCLH",1275,614,,,,"0.0000",0.0%,
"7153.2-PRNCLH",1275,614,,,,"0.0000",0.0%,
"7401.2-PRNCLH",1275,644,,,,"0.0000",5.0%,
"7403.2-PRNCLH",1275,644,,,,"0.0000",5.0%,
"7406.2-PRNCLH",1275,644,,,,"0.0000",5.0%,
"PT3074-BEBABEAN",443,195,,,,"0.0000",6.8%,
"SMRG-BEBABEAN",667,284,,,,"0.0000",0.0%,
"CBTP-BEBABEAN",734,328,,,,"0.0000",10.0%,
"CBTI-BEBABEAN",734,328,,,,"0.0000",10.0%,
"CBTC-BEBABEAN",734,328,,,,"0.0000",10.0%,
"HKRP-BEBABEAN",1866,842,,,,"0.0000",12.0%,
"HKRC-BEBABEAN",1866,842,,,,"0.0000",12.0%,
"KCIOS-BEBABEAN",1168,527,,,,"0.0000",12.0%,
"KCPOS-BEBABEAN",1168,527,,,,"0.0000",12.0%,
"KOI12-BEBABEAN",1906,860,,,,"0.0000",12.0%,
"KOP12-BEBABEAN",1906,860,,,,"0.0000",12.0%,
"CBPOS-BEBABEAN",2294,1035,,,,"0.0000",12.0%,
"CBIOS-BEBABEAN",2294,1035,,,,"0.0000",12.0%,
"CBGOS-BEBABEAN",2294,1035,,,,"0.0000",12.0%,
"K1148-KDZDLGT",1107,471,775,"2013-10-01 00:00:00","2016-10-01 00:00:00","0.0000",0.0%,
"K1147-KDZDLGT",1074,457,752,"2013-10-01 00:00:00","2016-10-01 00:00:00","0.0000",0.0%,
"K3423-KDZDLGT",1255,534,878,"2013-10-01 00:00:00","2016-10-01 00:00:00","0.0000",0.0%,
"K7730-KDZDLGT",945,402,661,"2013-10-01 00:00:00","2016-10-01 00:00:00","0.0000",0.0%,
"K1185R-KDZDLGT",1276,543,893,"2013-10-01 00:00:00","2016-10-01 00:00:00","0.0000",0.0%,
"K12650-KDZDLGT",1403,597,982,"2013-10-01 00:00:00","2016-10-01 00:00:00","0.0000",0.0%,
"FFPIPA-PK",1806,976,1540,"2013-10-01 00:00:00","2016-10-01 00:00:00","0.0000",0.0%,
"FFTIAS-PK",1806,976,1540,"2013-10-01 00:00:00","2016-10-01 00:00:00","0.0000",0.0%,
"JVZPBU-PK",969,524,,,,"0.0000",0.0%,
"JVZPTI-PK",969,524,,,,"0.0000",0.0%,
"TYPSMC-PK",1425,770,,,,"0.0000",0.0%,
"TYSORB-PK",1008,545,,,,"0.0000",0.0%,
"TYXYBX-PK",1008,545,,,,"0.0000",0.0%,
"TYCIRPZ-PK",707,382,,,,"0.0000",0.0%,
"TYSQPZ-PK",707,382,,,,"0.0000",0.0%,
"TWL03-3SP",1029,597,,,,"0.0000",12.0%,
"TWL05-3SP",1029,597,,,,"0.0000",12.0%,
"TWL06-3SP",1029,597,,,,"0.0000",12.0%,
"BIN06-3SP",899,537,,,,"0.0000",6.6%,
"BIN08-3SP",899,537,,,,"0.0000",6.6%,
"BIN09-3SP",899,537,,,,"0.0000",6.6%,
"BIN02-3SP",899,537,,,,"0.0000",6.6%,
"BIN05-3SP",899,537,,,,"0.0000",6.6%,
"BOX02-3SP",739,437,,,,"0.0000",6.6%,
"BOX01-3SP",739,437,,,,"0.0000",6.6%,
"CAD01-3SP",719,369,,,,"0.0000",6.6%,
"CAD02-3SP",719,369,,,,"0.0000",6.6%,
"CAD03-3SP",719,369,,,,"0.0000",6.6%,
"CAD04-3SP",719,369,,,,"0.0000",6.6%,
"CAD05-3SP",719,369,,,,"0.0000",6.6%,
"PocketPosies-MLS",1159,518,,,,"0.0000",10.0%,
"PinkyButtons-MLS",1159,518,,,,"0.0000",10.0%,
"BIGGYBUTTONS-MLS",1159,518,,,,"0.0000",10.0%,
"BLUEFISH-MLS",1159,518,,,,"0.0000",10.0%,
"135WT0000STN-MS",1332,567,933,"2013-10-01 00:00:00","2016-10-01 00:00:00","0.0000",0.0%,
"124WT0000DYL-MS",1332,567,933,"2013-10-01 00:00:00","2016-10-01 00:00:00","0.0000",0.0%,
"102WT0000YEL-MS",1332,567,933,"2013-10-01 00:00:00","2016-10-01 00:00:00","0.0000",0.0%,
"103WT0000GRA-MS",1332,567,933,"2013-10-01 00:00:00","2016-10-01 00:00:00","0.0000",0.0%,
"123WT0000MBR-MS",1332,567,933,"2013-10-01 00:00:00","2016-10-01 00:00:00","0.0000",0.0%,
"111WT0000RA-MS",1332,567,933,"2013-10-01 00:00:00","2016-10-01 00:00:00","0.0000",0.0%,
"130WT0000RED-MS",1629,693,1140,"2013-10-01 00:00:00","2016-10-01 00:00:00","0.0000",0.0%,
"119WT0000GRA-MS",1629,693,1140,"2013-10-01 00:00:00","2016-10-01 00:00:00","0.0000",0.0%,
"MBB1004-MIXIE",,,,,,"0.0000",5.0%,
"MBB1008-MIXIE",,,,,,"0.0000",5.0%,
"136-BBROO",456,201,,,,"0.0000",6.8%,
"154-BBROO",456,201,,,,"0.0000",6.8%,
"153-BBROO",456,201,,,,"0.0000",6.8%,
"174-BBROO",456,201,,,,"0.0000",6.8%,
"195-BBROO",456,201,,,,"0.0000",6.8%,
"131-BBROO",520,201,,,,"0.0000",6.8%,
"100-BBROO",520,201,,,,"0.0000",6.8%,
"133-BBROO",520,201,,,,"0.0000",6.8%,
"170-BBROO",520,201,,,,"0.0000",6.8%,
"142-BBROO",520,201,,,,"0.0000",6.8%,
"BIN01-3SP",899,537,,,,"0.0000",6.6%,
"BIN03-3SP",899,537,,,,"0.0000",6.6%,
"BIN04-3SP",899,537,,,,"0.0000",6.6%,
"WALL2-3SP",687,435,,,,"0.0000",6.6%,
"WALL1-3SP",687,435,,,,"0.0000",6.6%,
"WALL3-3SP",687,435,,,,"0.0000",6.6%,
"MOB1-3SP",649,394,,,,"0.0000",0.0%,
"MOB2-3SP",649,394,,,,"0.0000",0.0%,
"MOB3-3SP",649,394,,,,"0.0000",0.0%,
"HAMP1-3SP",829,419,,,,"0.0000",6.6%,
"HAMP2-3SP",829,419,,,,"0.0000",6.6%,
"HAMP3-3SP",829,419,,,,"0.0000",6.6%,
"BATH1-3SP",799,435,,,,"0.0000",6.6%,
"BATH3-3SP",799,435,,,,"0.0000",6.6%,
"BATH2-3SP",799,435,,,,"0.0000",6.6%,
"SF2151M-H2H",623,281,599,"2013-10-01 00:00:00","2016-10-01 00:00:00","0.0000",12.0%,
"SP21512M-H2H",1168,527,1130,"2013-10-01 00:00:00","2016-10-01 00:00:00","0.0000",12.0%,
"SB2151AM-H2H",623,281,625,"2013-10-01 00:00:00","2016-10-01 00:00:00","0.0000",12.0%,
"SC2151AS-H2H",1401,632,1299,"2013-10-01 00:00:00","2016-10-01 00:00:00","0.0000",12.0%,
"SC2154S-H2H",1401,632,1299,"2013-10-01 00:00:00","2016-10-01 00:00:00","0.0000",12.0%,
"SC2156S-H2H",1401,632,1299,"2013-10-01 00:00:00","2016-10-01 00:00:00","0.0000",12.0%,
"SC2154M-H2H",1401,632,1299,"2013-10-01 00:00:00","2016-10-01 00:00:00","0.0000",12.0%,
"SE2152S-H2H",623,281,599,"2013-10-01 00:00:00","2016-10-01 00:00:00","0.0000",12.0%,
"SE2154S-H2H",623,281,599,"2013-10-01 00:00:00","2016-10-01 00:00:00","0.0000",12.0%,
"SE2156S-H2H",623,281,599,"2013-10-01 00:00:00","2016-10-01 00:00:00","0.0000",12.0%,
"BW2151AS-H2H",475,202,,,,"0.0000",0.0%,
"BW2154S-H2H",475,202,,,,"0.0000",0.0%,
"BW2156S-H2H",475,202,,,,"0.0000",0.0%,
"BW2150S-H2H",475,202,,,,"0.0000",0.0%,
"BW2151AL-H2H",712,303,,,,"0.0000",0.0%,
"BW2154L-H2H",712,303,,,,"0.0000",0.0%,
"BW2156L-H2H",712,303,,,,"0.0000",0.0%,
"BW2152L-H2H",712,303,,,,"0.0000",0.0%,
"GM04-H2H",315,134,,,,"0.0000",0.0%,
"11301N-S-UBSN",973,439,525,"2013-10-01 00:00:00","2016-10-01 00:00:00","0.0000",12.0%,
"11301N-M-UBSN",973,439,525,"2013-10-01 00:00:00","2016-10-01 00:00:00","0.0000",12.0%,
"11303N-S-UBSN",973,439,525,"2013-10-01 00:00:00","2016-10-01 00:00:00","0.0000",12.0%,
"11303N-M-UBSN",973,439,525,"2013-10-01 00:00:00","2016-10-01 00:00:00","0.0000",12.0%,
"11104N-S-UBSN",973,439,525,"2013-10-01 00:00:00","2016-10-01 00:00:00","0.0000",12.0%,
"11104N-M-UBSN",973,439,525,"2013-10-01 00:00:00","2016-10-01 00:00:00","0.0000",12.0%,
"11306N-S-UBSN",973,439,525,"2013-10-01 00:00:00","2016-10-01 00:00:00","0.0000",12.0%,
"11306N-M-UBSN",973,439,525,"2013-10-01 00:00:00","2016-10-01 00:00:00","0.0000",12.0%,
"11305N-S-UBSN",973,439,525,"2013-10-01 00:00:00","2016-10-01 00:00:00","0.0000",12.0%,
"11305N-M-UBSN",973,439,525,"2013-10-01 00:00:00","2016-10-01 00:00:00","0.0000",12.0%,
"21208N-S-UBSN",973,439,525,"2013-10-01 00:00:00","2016-10-01 00:00:00","0.0000",12.0%,
"21208N-M-UBSN",973,439,525,"2013-10-01 00:00:00","2016-10-01 00:00:00","0.0000",12.0%,
"11309N-S-UBSN",973,439,525,"2013-10-01 00:00:00","2016-10-01 00:00:00","0.0000",12.0%,
"11309N-M-UBSN",973,439,525,"2013-10-01 00:00:00","2016-10-01 00:00:00","0.0000",12.0%,
"11310N-S-UBSN",973,439,525,"2013-10-01 00:00:00","2016-10-01 00:00:00","0.0000",12.0%,
"11310N-M-UBSN",973,439,525,"2013-10-01 00:00:00","2016-10-01 00:00:00","0.0000",12.0%,
"11301B-M-UBSN",896,404,480,"2013-10-01 00:00:00","2016-10-01 00:00:00","0.0000",12.0%,
"11301B-L-UBSN",896,404,480,"2013-10-01 00:00:00","2016-10-01 00:00:00","0.0000",12.0%,
"11303B-M-UBSN",896,404,480,"2013-10-01 00:00:00","2016-10-01 00:00:00","0.0000",12.0%,
"11303B-L-UBSN",896,404,480,"2013-10-01 00:00:00","2016-10-01 00:00:00","0.0000",12.0%,
"11304B-M-UBSN",896,404,480,"2013-10-01 00:00:00","2016-10-01 00:00:00","0.0000",12.0%,
"11304B-L-UBSN",896,404,480,"2013-10-01 00:00:00","2016-10-01 00:00:00","0.0000",12.0%,
"11305B-M-UBSN",896,404,480,"2013-10-01 00:00:00","2016-10-01 00:00:00","0.0000",12.0%,
"11305B-L-UBSN",896,404,480,"2013-10-01 00:00:00","2016-10-01 00:00:00","0.0000",12.0%,
"11306B-M-UBSN",896,404,480,"2013-10-01 00:00:00","2016-10-01 00:00:00","0.0000",12.0%,
"11306B-L-UBSN",896,404,480,"2013-10-01 00:00:00","2016-10-01 00:00:00","0.0000",12.0%,
"21208B-M-UBSN",896,404,480,"2013-10-01 00:00:00","2016-10-01 00:00:00","0.0000",12.0%,
"21208B-L-UBSN",896,404,480,"2013-10-01 00:00:00","2016-10-01 00:00:00","0.0000",12.0%,
"11310B-M-UBSN",896,404,480,"2013-10-01 00:00:00","2016-10-01 00:00:00","0.0000",12.0%,
"11310B-L-UBSN",896,404,480,"2013-10-01 00:00:00","2016-10-01 00:00:00","0.0000",12.0%,
"11311B-M-UBSN",896,404,480,"2013-10-01 00:00:00","2016-10-01 00:00:00","0.0000",12.0%,
"11311B-L-UBSN",896,404,480,"2013-10-01 00:00:00","2016-10-01 00:00:00","0.0000",12.0%,
"11312B-M-UBSN",896,404,480,"2013-10-01 00:00:00","2016-10-01 00:00:00","0.0000",12.0%,
"11312B-L-UBSN",896,404,480,"2013-10-01 00:00:00","2016-10-01 00:00:00","0.0000",12.0%,
"21101S-UBSN",818,369,420,"2013-10-01 00:00:00","2016-10-01 00:00:00","0.0000",12.0%,
"21104S-UBSN",818,369,420,"2013-10-01 00:00:00","2016-10-01 00:00:00","0.0000",12.0%,
"21105S-UBSN",818,369,420,"2013-10-01 00:00:00","2016-10-01 00:00:00","0.0000",12.0%,
"CocoSnow-MLS",1159,518,,,,"0.0000",10.0%,
"HudsonStripe-MLS",1159,518,,,,"0.0000",10.0%,
"MINKY.BB-ISSMA",1701,762,1320,"2013-10-01 00:00:00","2016-10-01 00:00:00","0.0000",10.5%,
"MINKY.BP-ISSMA",1701,762,1320,"2013-10-01 00:00:00","2016-10-01 00:00:00","0.0000",10.5%,
"MINKY.CB-ISSMA",1701,762,1320,"2013-10-01 00:00:00","2016-10-01 00:00:00","0.0000",10.5%,
"MINKY.CP-ISSMA",1701,762,1320,"2013-10-01 00:00:00","2016-10-01 00:00:00","0.0000",10.5%,
"ZF.LPK-ISSMA",1701,762,1320,"2013-10-01 00:00:00","2016-10-01 00:00:00","0.0000",10.5%,
"ZF.BLCW-ISSMA",1701,762,1320,"2013-10-01 00:00:00","2016-10-01 00:00:00","0.0000",10.5%,
"ZF.ZBR-ISSMA",1701,762,1320,"2013-10-01 00:00:00","2016-10-01 00:00:00","0.0000",10.5%,
"ZF.GRF-ISSMA",1701,762,1320,"2013-10-01 00:00:00","2016-10-01 00:00:00","0.0000",10.5%,
"AIRPLANE-ISSMA",1618,725,1180,"2013-10-01 00:00:00","2016-10-01 00:00:00","0.0000",10.5%,
"BUTTRFLY-ISSMA",1618,725,1180,"2013-10-01 00:00:00","2016-10-01 00:00:00","0.0000",10.5%,
"LEMONHRT-ISSMA",1618,725,1180,"2013-10-01 00:00:00","2016-10-01 00:00:00","0.0000",10.5%,
"URBANZOO-ISSMA",1618,725,1180,"2013-10-01 00:00:00","2016-10-01 00:00:00","0.0000",10.5%,
"MONKEYS-ISSMA",1618,725,1180,"2013-10-01 00:00:00","2016-10-01 00:00:00","0.0000",10.5%,
"1127B-MAGBB",1168,527,,,,"0.0000",12.0%,
"1128G-MAGBB",1168,527,,,,"0.0000",12.0%,
"1422G-3M-MAGBB",1031,465,,,,"0.0000",12.0%,
"1423B-3M-MAGBB",1031,465,,,,"0.0000",12.0%,
"1520G-NB-MAGBB",805,363,,,,"0.0000",12.0%,
"1521B-NB-MAGBB",805,363,,,,"0.0000",12.0%,
"1524G-6M-MAGBB",805,363,,,,"0.0000",12.0%,
"1525B-6M-MAGBB",805,363,,,,"0.0000",12.0%,
"1526G-3M-MAGBB",805,363,,,,"0.0000",12.0%,
"1526G-6M-MAGBB",805,363,,,,"0.0000",12.0%,
"1526G-9M-MAGBB",805,363,,,,"0.0000",12.0%,
"1527B-3M-MAGBB",805,363,,,,"0.0000",12.0%,
"1527B-6M-MAGBB",805,363,,,,"0.0000",12.0%,
"1527B-9M-MAGBB",805,363,,,,"0.0000",12.0%,
"1528G-6M-MAGBB",1051,474,,,,"0.0000",12.0%,
"1528G-9M-MAGBB",1051,474,,,,"0.0000",12.0%,
"1529B-6M-MAGBB",1051,474,,,,"0.0000",12.0%,
"1529B-9M-MAGBB",1051,474,,,,"0.0000",12.0%,
"1730G-9M-MAGBB",1051,474,,,,"0.0000",12.0%,
"1731B-9M-MAGBB",1051,474,,,,"0.0000",12.0%,
"1820G-3M-MAGBB",1051,474,,,,"0.0000",12.0%,
"1820G-6M-MAGBB",1051,474,,,,"0.0000",12.0%,
"1820G-9M-MAGBB",1051,474,,,,"0.0000",12.0%,
"1821B-3M-MAGBB",1051,474,,,,"0.0000",12.0%,
"1821B-6M-MAGBB",1051,474,,,,"0.0000",12.0%,
"1821B-9M-MAGBB",1051,474,,,,"0.0000",12.0%,
"TYPZSS-PK",898,382,,,,"0.0000",0.0%,
"FFKIKO-PK",2294,976,1540,"2013-10-01 00:00:00","2016-10-01 00:00:00","0.0000",0.0%,
"FFLILA-PK",2294,976,1540,"2013-10-01 00:00:00","2016-10-01 00:00:00","0.0000",0.0%,
"KBCHO003-KBOOST",1580,890,1429,"2013-10-01 00:00:00","2016-10-01 00:00:00","0.0000",0.0%,
"KBGRE000-KBOOST",1580,890,,,,"0.0000",0.0%,
"KBNAT001-KBOOST",1580,890,,,,"0.0000",0.0%,
"CHTSLS3BL-LTGF",2316,1045,,,,"0.0000",12.0%,
"CHTSLS3CR-LTGF",2316,1045,,,,"0.0000",12.0%,
"CHTSLS3PK-LTGF",2316,1045,,,,"0.0000",12.0%,
"MSNDSLS3BL-LTGF",1906,860,,,,"0.0000",12.0%,
"MSNDSLS3CE-LTGF",1906,860,,,,"0.0000",12.0%,
"MSNDSLS3PK-LTGF",1906,860,,,,"0.0000",12.0%,
"MSLNDSK3BL-LTGF",1906,860,,,,"0.0000",12.0%,
"LXDBLGBL-LTGF",1751,790,,,,"0.0000",12.0%,
"LXDBLGPK -LTGF",1751,790,,,,"0.0000",12.0%,
"LXDRLGBL-LTGF",705,300,,,,"0.0000",0.0%,
"LXDRLGPK-LTGF",705,300,,,,"0.0000",0.0%,
"CHCFBLYSV-LTGF",1246,562,,,,"0.0000",12.0%,
"CHTWPK-LTGF",2024,913,,,,"0.0000",12.0%,
"CHTWBL-LTGF",2024,913,,,,"0.0000",12.0%,
"MSCBKTPK-LTGF",1323,597,,,,"0.0000",12.0%,
"MSCBKTBL-LTGF",1323,597,,,,"0.0000",12.0%,
"MSCBKTSV-LTGF",1323,597,,,,"0.0000",12.0%,
"LXDPLGBL-LTGF",1634,737,,,,"0.0000",12.0%,
"LXDPLGCE-LTGF",1634,737,,,,"0.0000",12.0%,
"1001-LILACOSM",444,189,,,,"0.0000",0.0%,
"1002-LILACOSM",444,189,,,,"0.0000",0.0%,
"1005-LILACOSM",444,189,,,,"0.0000",0.0%,
"1006-LILACOSM",444,189,,,,"0.0000",0.0%,
"1007-LILACOSM",444,189,,,,"0.0000",0.0%,
"1012-LILACOSM",444,189,,,,"0.0000",0.0%,
"1200-LILACOSM",371,158,,,,"0.0000",0.0%,
"1305-LILACOSM",444,189,,,,"0.0000",0.0%,
"MMYellow-MM",,,,,,"0.0000",,
"MMPink-MM",,,,,,"0.0000",,
"MMBlue-MM",,,,,,"0.0000",,
"SSSensor-CLOUDB",1039,504,,,,"0.0000",0.0%,
"TTBlue-CLOUDB",1139,536,,,,"0.0000",0.0%,
"TTPurple-CLOUDB",1139,536,,,,"0.0000",0.0%,
"TLBPink-CLOUDB",1039,536,,,,"0.0000",0.0%,
"TRTAqua-CLOUDB",1649,756,,,,"0.0000",0.0%,
"WCJ-NB-LORALIN",1168,527,895,"2013-10-01 00:00:00","2016-10-01 00:00:00","0.0000",12.0%,
"WCJ-3M-LORALIN",1168,527,895,"2013-10-01 00:00:00","2016-10-01 00:00:00","0.0000",12.0%,
"WCJ-6M-LORALIN",1168,527,895,"2013-10-01 00:00:00","2016-10-01 00:00:00","0.0000",12.0%,
"WCP-NB-LORALIN",1168,527,895,"2013-10-01 00:00:00","2016-10-01 00:00:00","0.0000",12.0%,
"WCP-3M-LORALIN",1168,527,895,"2013-10-01 00:00:00","2016-10-01 00:00:00","0.0000",12.0%,
"WCP-6M-LORALIN",1168,527,895,"2013-10-01 00:00:00","2016-10-01 00:00:00","0.0000",12.0%,
"BW-3M-LORALIN",1168,527,895,"2013-10-01 00:00:00","2016-10-01 00:00:00","0.0000",12.0%,
"BW-6M-LORALIN",1168,527,895,"2013-10-01 00:00:00","2016-10-01 00:00:00","0.0000",12.0%,
"BW-12M-LORALIN",1168,527,895,"2013-10-01 00:00:00","2016-10-01 00:00:00","0.0000",12.0%,
"BWR-3M-LORALIN",1168,527,895,"2013-10-01 00:00:00","2016-10-01 00:00:00","0.0000",12.0%,
"BWR-6M-LORALIN",1168,527,895,"2013-10-01 00:00:00","2016-10-01 00:00:00","0.0000",12.0%,
"BWR-12M-LORALIN",1168,527,895,"2013-10-01 00:00:00","2016-10-01 00:00:00","0.0000",12.0%,
"BWT-3M-LORALIN",1168,527,895,"2013-10-01 00:00:00","2016-10-01 00:00:00","0.0000",12.0%,
"BWT-6M-LORALIN",1168,527,895,"2013-10-01 00:00:00","2016-10-01 00:00:00","0.0000",12.0%,
"BWT-12M-LORALIN",1168,527,895,"2013-10-01 00:00:00","2016-10-01 00:00:00","0.0000",12.0%,
"WB-3M-LORALIN",1168,527,895,"2013-10-01 00:00:00","2016-10-01 00:00:00","0.0000",12.0%,
"WB-6M-LORALIN",1168,527,895,"2013-10-01 00:00:00","2016-10-01 00:00:00","0.0000",12.0%,
"WB-12M-LORALIN",1168,527,895,"2013-10-01 00:00:00","2016-10-01 00:00:00","0.0000",12.0%,
"ZN-LORALIN",1088,491,823,"2013-10-01 00:00:00","2016-10-01 00:00:00","0.0000",12.0%,
"ZB-LORALIN",1088,491,823,"2013-10-01 00:00:00","2016-10-01 00:00:00","0.0000",12.0%,
"HN-6M-LORALIN",1168,527,527,"2013-10-01 00:00:00","2016-10-01 00:00:00","0.0000",12.0%,
"HN-12M-LORALIN",1168,527,527,"2013-10-01 00:00:00","2016-10-01 00:00:00","0.0000",12.0%,
"HE-6M-LORALIN",1168,527,527,"2013-10-01 00:00:00","2016-10-01 00:00:00","0.0000",12.0%,
"HE-12M-LORALIN",1168,527,527,"2013-10-01 00:00:00","2016-10-01 00:00:00","0.0000",12.0%,
"OG-3M-LORALIN",933,421,695,"2013-10-01 00:00:00","2016-10-01 00:00:00","0.0000",12.0%,
"OG-6M-LORALIN",933,421,695,"2013-10-01 00:00:00","2016-10-01 00:00:00","0.0000",12.0%,
"OG-12M-LORALIN",933,421,695,"2013-10-01 00:00:00","2016-10-01 00:00:00","0.0000",12.0%,
"BUS-LORALIN",1088,491,695,"2013-10-01 00:00:00","2016-10-01 00:00:00","0.0000",12.0%,
"BNS-LORALIN",1088,491,695,"2013-10-01 00:00:00","2016-10-01 00:00:00","0.0000",12.0%,
"RB-3M-LORALIN",933,421,695,"2013-10-01 00:00:00","2016-10-01 00:00:00","0.0000",12.0%,
"RB-6M-LORALIN",933,421,695,"2013-10-01 00:00:00","2016-10-01 00:00:00","0.0000",12.0%,
"MTN-005-MTN",568,248,,,,"0.0000",5.0%,
"MTN-001-MTN",605,264,,,,"0.0000",5.0%,
"MTN-010-MTN",590,251,,,,"0.0000",0.0%,
"MTN-029-MTN",407,173,,,,"0.0000",0.0%,
"MTN-026-MTN",1778,776,,,,"0.0000",5.0%,
"22LAV9-TPC",1082,485,920,"2013-10-01 00:00:00","2016-10-01 00:00:00","0.0000",10.5%,
"22809RdShk9-TPC+Wng809Red-TPC",2194,983,1865,,,"0.0000",10.5%,
"22809TrqPk9-TPC+Wng809Blue-TPC",2194,983,1865,,,"0.0000",10.5%,
"22LAV6-TPC",740,334,,,,"0.0000",12.0%,
"22LAV7-TPC",1206,544,1025,"2013-10-01 00:00:00","2016-10-01 00:00:00","0.0000",12.0%,
"22WHT6-TPC",740,334,,,,"0.0000",12.0%,
"22WHT7-TPC",1206,544,1025,"2013-10-01 00:00:00","2016-10-01 00:00:00","0.0000",12.0%,
"22HOTPK6-TPC",740,334,,,,"0.0000",12.0%,
"22HOTPK7-TPC",1206,544,,,,"0.0000",12.0%,
"22BdayPK7-TPC+WngBdayPK-TPC",2177,982,"1690.0000","2013-10-01 00:00:00","2016-10-01 00:00:00","0.0000",12.0%,
"22BdayLAV7-TPC+WngBdayLAV-TPC",2177,982,"1690.0000","2013-10-01 00:00:00","2016-10-01 00:00:00","0.0000",12.0%,
"22PKNV6-TPC",933,421,,,,"0.0000",12.0%,
"22PKGNM6-TPC",933,421,,,,"0.0000",12.0%,
"22LCEGCLNL6-TPC",778,351,,,,"0.0000",12.0%,
"22LCEGPRIW6-TPC",778,351,,,,"0.0000",12.0%,
"1212RB-KSTYL",362,158,,,,"0.0000",5.0%,
"1212P-KSTYL",362,158,,,,"0.0000",5.0%,
"1212SG-KSTYL",362,158,,,,"0.0000",5.0%,
"9400-KSTYL",424,185,,,,"0.0000",5.0%,
"9425-KSTYL",424,185,,,,"0.0000",5.0%,
"9475-KSTYL",424,185,,,,"0.0000",5.0%,
"9500-KSTYL",424,185,,,,"0.0000",5.0%,
"9460-KSTYL",424,185,,,,"0.0000",5.0%,
"9470-KSTYL",424,185,,,,"0.0000",5.0%,
"8933100-KSTYL",967,422,,,,"0.0000",5.0%,
"8947000-KSTYL",967,422,,,,"0.0000",5.0%,
"4013547-KSTYL",786,343,,,,"0.0000",5.0%,
"4043617-KSTYL",786,343,,,,"0.0000",5.0%,
"SSFOX1ZNAT12MO-CLK",933,421,,,,"0.0000",12.0%,
"SSFOX1ZNAT18MO-CLK",933,421,,,,"0.0000",12.0%,
"SSOWL1ZDJN6MO-CLK",933,421,,,,"0.0000",12.0%,
"SSOWL1ZDJN12MO-CLK",933,421,,,,"0.0000",12.0%,
"SSBEE1ZNAT6MO-CLK",933,421,,,,"0.0000",12.0%,
"SSBEE1ZNAT12MO-CLK",933,421,,,,"0.0000",12.0%,
"SSPAN1ZBLK12MO-CLK",933,421,,,,"0.0000",12.0%,
"SSPAN1ZBLK18MO-CLK",933,421,,,,"0.0000",12.0%,
"SSDIN1ZLMN6MO-CLK",933,421,,,,"0.0000",12.0%,
"SSDIN1ZLMN12MO-CLK",933,421,,,,"0.0000",12.0%,
"SSBUN1ZPNK6MO-CLK",933,421,,,,"0.0000",12.0%,
"SSBUN1ZPNK12MO-CLK",933,421,,,,"0.0000",12.0%,
"SSCOW1ZGRN6MO-CLK",933,421,,,,"0.0000",12.0%,
"SSCOW1ZGRN12MO-CLK",933,421,,,,"0.0000",12.0%,
"LSBUN1ZRED6MO-CLK",973,439,,,,"0.0000",12.0%,
"LSBun1ZRed18mo-CLK",973,439,,,,"0.0000",12.0%,
"LSSEAL1ZBL12MO-CLK",973,439,,,,"0.0000",12.0%,
"LSSEAL1ZBL18MO-CLK",973,439,,,,"0.0000",12.0%,
"LSDINO1ZNAV6MO-CLK",973,439,,,,"0.0000",12.0%,
"LSDINO1ZNAV12MO-CLK",973,439,,,,"0.0000",12.0%,
"LSDINOTNAV2T-CLK",966,433,,,,"0.0000",10.5%,
"LSDINOTNAV4T-CLK",966,433,,,,"0.0000",10.5%,
"LSSEALTNAV2T-CLK",966,433,,,,"0.0000",10.5%,
"LSSEALTNAV4T-CLK",966,433,,,,"0.0000",10.5%,
"SSCOWTGRN2T-CLK",928,416,,,,"0.0000",10.5%,
"SSCOWTGRN4T-CLK",928,416,,,,"0.0000",10.5%,
"SSPANTORNG2T-CLK",928,416,,,,"0.0000",10.5%,
"SSPANTORNG4T-CLK",928,416,,,,"0.0000",10.5%,
"SSOWLTDJ2T-CLK",928,416,,,,"0.0000",10.5%,
"SSOWLTDJ4T-CLK",928,416,,,,"0.0000",10.5%,
"YELLOWBIB-CLK",426,191,,,,"0.0000",10.5%,
"BlackBib-CLK",426,191,,,,"0.0000",10.5%,
"PolkaBib-CLK",426,191,,,,"0.0000",10.5%,
"MMGREEN-MM",,,,,,,,
"RBWSDNB-P100-RB",740,334,,,,"0.0000",12.0%,
"RBWSD03-P100-RB",740,334,,,,"0.0000",12.0%,
"RBWSD06-P100-RB",740,334,,,,"0.0000",12.0%,
"RBWSD12-P100-RB",740,334,,,,"0.0000",12.0%,
"RBWSD18-P100-RB",740,334,,,,"0.0000",12.0%,
"RBWSD2T-P100-RB",740,334,,,,"0.0000",12.0%,
"RCDDB06-0000-RB",1031,465,,,,"0.0000",12.0%,
"RCDDB12-0000-RB",1031,465,,,,"0.0000",12.0%,
"RCDDB18-0000-RB",1031,465,,,,"0.0000",12.0%,
"RCDDB2T-0000-RB",1038,465,,,,"0.0000",10.5%,
"RLKBK00-0000-RB",350,158,,,,"0.0000",12.0%,
"RLKBK06-0000-RB",350,158,,,,"0.0000",12.0%,
"RLKGY00-0000-RB",350,158,,,,"0.0000",12.0%,
"RLKGY06-0000-RB",350,158,,,,"0.0000",12.0%,
"RCKLA12-0000-RB",953,430,,,,"0.0000",12.0%,
"RCKLA18-0000-RB",953,430,,,,"0.0000",12.0%,
"RCKLA2T-0000-RB",959,430,,,,"0.0000",10.5%,
"GJDMB18-0000-RB",1031,465,,,,"0.0000",12.0%,
"GJDMB2T-0000-RB",1031,465,,,,"0.0000",12.0%,
"53181PastelKitchen-KK",7499,3308,,,,"0.0000",0.0%,
"53260EspressoKitchen-KK",7499,3308,,,,"0.0000",0.0%,
"53173RedVintageKitchen-KK",7199,3119,,,,"0.0000",0.0%,
"53179PinkVintageKitchen-KK",7199,3119,,,,"0.0000",0.0%,
"65275PrettyPetalHouse-KK",2999,1323,,,,"0.0000",0.0%,
"21201AspenTableSetWhite-KK",4399,2048,,,,"0.0000",0.0%,
"26913HEARTTABLE-KK",4399,2048,,,,"0.0000",0.0%,
"14956ToyBoxEspresso-KK",3899,1733,,,,"0.0000",0.0%,
"14951ToyBoxWht-KK",3899,1733,,,,"0.0000",0.0%,
"14953ToyBoxNat-KK",3899,1733,,,,"0.0000",0.0%,
"14221SlingBookshelfNat-KK",1750,882,,,,"0.0000",0.0%,
"1008-LILACOSM",444,189,,,,"0.0000",0.0%,
"1003-LILACOSM",444,189,,,,"0.0000",0.0%,
"1016-LILACOSM",444,189,,,,"0.0000",0.0%,
"1015-LILACOSM",444,189,,,,"0.0000",0.0%,
"1013-LILACOSM",444,189,,,,"0.0000",0.0%,
"1014-LILACOSM",444,189,,,,"0.0000",0.0%,
"1009-LILACOSM",444,189,,,,"0.0000",0.0%,
"1010-LILACOSM",444,189,,,,"0.0000",0.0%,
"1011-LILACOSM",444,189,,,,"0.0000",0.0%,
"1004-LILACOSM",444,189,,,,"0.0000",0.0%,
"E525001-EDUSHP",407,173,380,"2013-10-01 00:00:00","2016-10-01 00:00:00","0.0000",0.0%,
"E547023-EDUSHP",611,260,570,"2013-10-01 00:00:00","2016-10-01 00:00:00","0.0000",0.0%,
"E547024-EDUSHP",611,260,570,"2013-10-01 00:00:00","2016-10-01 00:00:00","0.0000",0.0%,
"E547005-EDUSHP",611,260,570,"2013-10-01 00:00:00","2016-10-01 00:00:00","0.0000",0.0%,
"E915019-EDUSHP",611,260,570,"2013-10-01 00:00:00","2016-10-01 00:00:00","0.0000",0.0%,
"E526023-EDUSHP",814,347,760,"2013-10-01 00:00:00","2016-10-01 00:00:00","0.0000",0.0%,
"E909006-EDUSHP",389,165,360,"2013-10-01 00:00:00","2016-10-01 00:00:00","0.0000",0.0%,
"E706132-EDUSHP",2239,953,2090,"2013-10-01 00:00:00","2016-10-01 00:00:00","0.0000",0.0%,
"E706150-EDUSHP",1832,780,1715,"2013-10-01 00:00:00","2016-10-01 00:00:00","0.0000",0.0%,
"E705175-EDUSHP",611,260,570,"2013-10-01 00:00:00","2016-10-01 00:00:00","0.0000",0.0%,
"E851003-EDUSHP",1110,473,1040,"2013-10-01 00:00:00","2016-10-01 00:00:00","0.0000",0.0%,
"E975054-EDUSHP",814,347,760,"2013-10-01 00:00:00","2016-10-01 00:00:00","0.0000",0.0%,
"E716167-EDUSHP",740,315,695,"2013-10-01 00:00:00","2016-10-01 00:00:00","0.0000",0.0%,
"E705191-EDUSHP",481,205,450,"2013-10-01 00:00:00","2016-10-01 00:00:00","0.0000",0.0%,
"6973-LEARN",533,227,,,,"0.0000",0.0%,
"1455-LEARN",1274,542,,,,"0.0000",0.0%,
"6906-LEARN",1422,605,,,,"0.0000",0.0%,
"2781-LEARN",1067,454,,,,"0.0000",0.0%,
"2421-LEARN",385,164,,,,"0.0000",0.0%,
"9162-LEARN",830,353,,,,"0.0000",0.0%,
"9153-LEARN",296,126,,,,"0.0000",0.0%,
"2690-LEARN",1687,718,,,,"0.0000",0.0%,
"2665-LEARN",1184,504,,,,"0.0000",0.0%,
"85001-SHRUNKS",3267,1474,,,,"0.0000",12.0%,
"88028-Shrunks",4668,2106,,,,"0.0000",12.0%,
"88046-SHRUNKS",902,392,790,"2013-10-01 00:00:00","2016-10-01 00:00:00","0.0000",4.0%,
"88051-SHRUNKS",807,359,720,"2013-10-01 00:00:00","2016-10-01 00:00:00","0.0000",9.0%,
"5008-LILACOSM",555,236,,,,"0.0000",0.0%,
"5026-LILACOSM",555,236,,,,"0.0000",0.0%,
"5025-LILACOSM",555,236,,,,"0.0000",0.0%,
"5017-LILACOSM",555,236,,,,"0.0000",0.0%,
"5028-LILACOSM",555,236,,,,"0.0000",0.0%,
"5023-LILACOSM",555,236,,,,"0.0000",0.0%,
"5005-LILACOSM",555,236,,,,"0.0000",0.0%,
"5033-LILACOSM",555,236,,,,"0.0000",0.0%,
"5029-LILACOSM",555,236,,,,"0.0000",0.0%,
"5027-LILACOSM",555,236,,,,"0.0000",0.0%,
"2350-LEARN",385,164,,,,"0.0000",0.0%,
"2349-LEARN",385,164,,,,"0.0000",0.0%,
"2351-LEARN",444,189,,,,"0.0000",0.0%,
"2353-LEARN",444,189,,,,"0.0000",0.0%,
"2355-LEARN",444,189,,,,"0.0000",0.0%,
"2354-LEARN",444,189,,,,"0.0000",0.0%,
"2384-LEARN",832,354,,,,"0.0000",0.0%,
"HDJr4Pack+Ace-LEARN",2442,1039,1970,"2013-10-01 00:00:00","2016-10-01 00:00:00","0.0000",0.0%,
"HDJr4Pack+KatPen-LEARN",2442,1039,1970,"2013-10-01 00:00:00","2016-10-01 00:00:00","0.0000",0.0%,
"SDCBK12-FOD0-RB",973,439,,,,"0.0000",12.0%,
"SDSRD06-RUO0-RB",1342,605,,,,"0.0000",12.0%,
"SDSRD12-RUO0-RB",1342,605,,,,"0.0000",12.0%,
"SDSRD18-RUO0-RB",1342,605,,,,"0.0000",12.0%,
"SDSRD2T-RUO0-RB",1342,605,,,,"0.0000",12.0%,
"SDWPI06-RU00-RB",1342,605,,,,"0.0000",12.0%,
"SDWPI12-RU00-RB",1342,605,,,,"0.0000",12.0%,
"SDWPI18-RU00-RB",1342,605,,,,"0.0000",12.0%,
"SDWPI2T-RU00-RB",1342,605,,,,"0.0000",12.0%,
"SKSWH03-WS22-RB",720,325,,,,"0.0000",12.0%,
"SKSWH06-WS22-RB",720,325,,,,"0.0000",12.0%,
"SKSWH12-WS22-RB",720,325,,,,"0.0000",12.0%,
"SKSWH18-WS22-RB",720,325,,,,"0.0000",12.0%,
"SKSWH2T-WS22-RB",720,325,,,,"0.0000",12.0%,
"SKSWH3T-WS22-RB",720,325,,,,"0.0000",12.0%,
"SKSPI18-PM22-RB",720,325,,,,"0.0000",12.0%,
"SKSPI2T-PM22-RB",720,325,,,,"0.0000",12.0%,
"SKSPI3T-PM22-RB",720,325,,,,"0.0000",12.0%,
"RLKWH00-0000-RB",350,158,,,,"0.0000",12.0%,
"RLKWH06-0000-RB",350,158,,,,"0.0000",12.0%,
"RLKWH12-0000-RB",350,158,,,,"0.0000",12.0%,
"RLKWH2T-0000-RB",353,158,,,,"0.0000",10.5%,
"HOKPI18-PS00-RB",1148,518,,,,"0.0000",12.0%,
"SSKFU06-PRC0-RB",875,395,,,,"0.0000",12.0%,
"SSKFU12-PRC0-RB",875,395,,,,"0.0000",12.0%,
"SSKFU18-PRC0-RB",875,395,,,,"0.0000",12.0%,
"SSKFU2T-PRC0-RB",881,395,,,,"0.0000",10.5%,
"SSKFU3T-PRC0-RB",881,395,,,,"0.0000",10.5%,
"PGKPL2T-PLO0-RB",745,334,,,,"0.0000",10.5%,
"PGKPL3T-PLO0-RB",745,334,,,,"0.0000",10.5%,
"PGKNV2T-NAO0-RB",745,334,,,,"0.0000",10.5%,
"PGKNV3T-NAO0-RB",745,334,,,,"0.0000",10.5%,
"MBN001-MIXIE",181,79,,,,"0.0000",5.0%,
"MBN002-MIXIE",181,79,,,,"0.0000",5.0%,
"R2C-FU-1-PLUIE",1556,702,,,,"0.0000",12.0%,
"R2B-FU-6-PLUIE",1210,528,,,,"0.0000",5.0%,
"R2U-FU-PLUIE",685,301,,,,"0.0000",6.6%,
"R2C-FU-2-PLUIE",1556,702,,,,"0.0000",12.0%,
"R2C-FU-4-PLUIE",1556,702,,,,"0.0000",12.0%,
"R2B-FU-8-PLUIE",1210,528,,,,"0.0000",5.0%,
"RC-FP-1-PLUIE",1440,650,,,,"0.0000",12.0%,
"RC-FP-2-PLUIE",1440,650,,,,"0.0000",12.0%,
"RC-FP-4-PLUIE",1440,650,,,,"0.0000",12.0%,
"RB-FP-6-PLUIE",1210,528,,,,"0.0000",5.0%,
"RU-FP-PLUIE",685,301,,,,"0.0000",6.6%,
"RC-CD-1-PLUIE",1440,650,,,,"0.0000",12.0%,
"RC-CD-2-PLUIE",1440,650,,,,"0.0000",12.0%,
"RC-CD-4-PLUIE",1440,650,,,,"0.0000",12.0%,
"RB-CD-6-PLUIE",1210,528,,,,"0.0000",5.0%,
"RB-CD-8-PLUIE",1210,528,,,,"0.0000",5.0%,
"RU-CD-PLUIE",685,301,,,,"0.0000",6.6%,
"RC-CC-1-PLUIE",1440,650,,,,"0.0000",12.0%,
"RC-CC-2-PLUIE",1440,650,,,,"0.0000",12.0%,
"RC-CC-4-PLUIE",1440,650,,,,"0.0000",12.0%,
"RB-CC-6-PLUIE",1210,528,,,,"0.0000",5.0%,
"RB-CC-8-PLUIE",1210,528,,,,"0.0000",5.0%,
"RB-CC-10-PLUIE",1210,528,,,,"0.0000",5.0%,
"RU-CC-PLUIE",685,301,,,,"0.0000",6.6%,
"RC-NB-1-PLUIE",1440,650,,,,"0.0000",12.0%,
"RC-NB-2-PLUIE",1440,650,,,,"0.0000",12.0%,
"RC-NB-4-PLUIE",1440,650,,,,"0.0000",12.0%,
"RB-NB-6-PLUIE",1210,528,,,,"0.0000",5.0%,
"RB-NB-8-PLUIE",1210,528,,,,"0.0000",5.0%,
"RB-NB-10-PLUIE",1210,528,,,,"0.0000",5.0%,
"RU-NB-PLUIE",685,301,,,,"0.0000",6.6%,
"RC-PD-1-PLUIE",1440,650,,,,"0.0000",12.0%,
"RC-PD-2-PLUIE",1440,650,,,,"0.0000",12.0%,
"RC-PD-4-PLUIE",1440,650,,,,"0.0000",12.0%,
"RB-PD-6-PLUIE",1210,528,,,,"0.0000",5.0%,
"RB-PD-8-PLUIE",1210,528,,,,"0.0000",5.0%,
"RB-PD-10-PLUIE",1210,528,,,,"0.0000",5.0%,
"RU-PD-PLUIE",685,301,,,,"0.0000",6.6%,
"RC-GP-1-PLUIE",1440,650,,,,"0.0000",12.0%,
"RC-GP-2-PLUIE",1440,650,,,,"0.0000",12.0%,
"RC-GP-4-PLUIE",1440,650,,,,"0.0000",12.0%,
"RB-GP-6-PLUIE",1210,528,,,,"0.0000",5.0%,
"RB-GP-8-PLUIE",1210,528,,,,"0.0000",5.0%,
"RB-GP-10-PLUIE",1210,528,,,,"0.0000",5.0%,
"RU-GP-PLUIE",685,301,,,,"0.0000",6.6%,
"RC-RK-1-PLUIE",1440,650,,,,"0.0000",12.0%,
"RC-RK-2-PLUIE",1440,650,,,,"0.0000",12.0%,
"RC-RK-4-PLUIE",1440,650,,,,"0.0000",12.0%,
"RB-RK-6-PLUIE",1210,528,,,,"0.0000",5.0%,
"RB-RK-8-PLUIE",1210,528,,,,"0.0000",5.0%,
"RB-RK-10-PLUIE",1210,528,,,,"0.0000",5.0%,
"RU-RK-PLUIE",685,301,,,,"0.0000",6.6%,
"R2C-NY-1-PLUIE",1556,702,,,,"0.0000",12.0%,
"R2C-NY-2-PLUIE",1556,702,,,,"0.0000",12.0%,
"R2C-NY-4-PLUIE",1556,702,,,,"0.0000",12.0%,
"R2B-NY-6-PLUIE",1210,528,,,,"0.0000",5.0%,
"R2B-NY-8-PLUIE",1210,528,,,,"0.0000",5.0%,
"R2B-NY-10-PLUIE",1210,528,,,,"0.0000",5.0%,
"R2U-NY-PLUIE",685,301,,,,"0.0000",6.6%,
"RB-PS-6-PLUIE",1210,528,,,,"0.0000",5.0%,
"RB-PS-8-PLUIE",1210,528,,,,"0.0000",5.0%,
"CAD-WALRUS-3SP",719,369,,,,"0.0000",6.6%,
"BOX-DRAGON-3SP",739,437,,,,"0.0000",6.6%,
"BOX-PCOCK-3SP",739,437,,,,"0.0000",6.6%,
"BOX-UNICORN-3SP",739,437,,,,"0.0000",6.6%,
"BIN-BEAR-3SP",899,537,,,,"0.0000",6.6%,
"BIN-CAMEL-3SP",899,537,,,,"0.0000",6.6%,
"BIN-Owl-3SP",899,537,,,,"0.0000",6.6%,
"RDM2T-EROSE",1711,772,,,,"0.0000",12.0%,
"RDM3T-EROSE",1711,772,,,,"0.0000",12.0%,
"PDO6-12M-EROSE",2334,1053,,,,"0.0000",12.0%,
"CDP18M-EROSE",1789,807,,,,"0.0000",12.0%,
"CDO18M-EROSE",1789,807,,,,"0.0000",12.0%,
"CDO2T-EROSE",1789,807,,,,"0.0000",12.0%,
"KTO18M-EROSE",1197,540,,,,"0.0000",12.0%,
"KTO2T-EROSE",1197,540,,,,"0.0000",12.0%,
"KTO3T-EROSE",1197,540,,,,"0.0000",12.0%,
"KTG18M-EROSE",1197,540,,,,"0.0000",12.0%,
"KTG2T-EROSE",1197,540,,,,"0.0000",12.0%,
"KTG3T-EROSE",1197,540,,,,"0.0000",12.0%,
"MDO18M-EROSE",1479,667,,,,"0.0000",12.0%,
"MDO2T-EROSE",1479,667,,,,"0.0000",12.0%,
"MDO3T-EROSE",1479,667,,,,"0.0000",12.0%,
"EDLD6-12M-EROSE",1711,772,,,,"0.0000",12.0%,
"EDLD2T-EROSE",1711,772,,,,"0.0000",12.0%,
"EDLD3T-EROSE",1711,772,,,,"0.0000",12.0%,
"GTWCH12-RF00-RB",759,342,,,,"0.0000",12.0%,
"GTWCH18-RF00-RB",759,342,,,,"0.0000",12.0%,
"GTWCH2T-RF00-RB",764,342,,,,"0.0000",10.5%,
"GTWCH3T-RF00-RB",764,342,,,,"0.0000",10.5%,
"ONKTE00-TES0-RB",875,395,,,,"0.0000",12.0%,
"ONKTE03-TES0-RB",875,395,,,,"0.0000",12.0%,
"ONKTE06-TES0-RB",875,395,,,,"0.0000",12.0%,
"ONKTE12-TES0-RB",875,395,,,,"0.0000",12.0%,
"ONKTE18-TES0-RB",875,395,,,,"0.0000",12.0%,
"ONMPI12-USLS-RB",875,395,,,,"0.0000",12.0%,
"BCKBR03-MOMO-RB",928,395,,,,"0.0000",0.0%,
"BCKBR06-MOMO-RB",928,395,,,,"0.0000",0.0%,
"BCKBR12-MOMO-RB",928,395,,,,"0.0000",0.0%,
"BOKOL00-SM00-RB",928,395,,,,"0.0000",0.0%,
"BOKOL03-SM00-RB",928,395,,,,"0.0000",0.0%,
"BOKOL06-SM00-RB",928,395,,,,"0.0000",0.0%,
"P4BRS-EDGEPUB",415,176,,,,"0.0000",0.0%,
"K4BRS-EDGEPUB",415,176,,,,"0.0000",0.0%,
"14BRS-EDGEPUB",415,176,,,,"0.0000",0.0%,
"2629-LEARN",1184,504,,,,"0.0000",0.0%,
"9082-LEARN",,,,,,"0.0000",0.0%,
"3294-LEARN",740,315,,,,"0.0000",0.0%,
"9155-LEARN",533,227,,,,"0.0000",0.0%,
"9266-LEARN",740,315,,,,"0.0000",0.0%,
"9730-LEARN",740,315,,,,"0.0000",0.0%,
"9732-LEARN",740,315,,,,"0.0000",0.0%,
"9720-LEARN",444,189,,,,"0.0000",0.0%,
"7287-LEARN",592,252,,,,"0.0000",0.0%,
"9077-LEARN",828,353,,,,"0.0000",0.0%,
"9048-LEARN",1125,479,,,,"0.0000",0.0%,
"7201-LEARN",563,239,,,,"0.0000",0.0%,
"7203-LEARN",563,239,,,,"0.0000",0.0%,
"7207-LEARN",563,239,,,,"0.0000",0.0%,
"1422-6M-TOMAT",1051,474,,,,"0.0000",12.0%,
"1422-12M-TOMAT",1051,474,,,,"0.0000",12.0%,
"1442-6M-TOMAT",973,439,,,,"0.0000",12.0%,
"1442-12M-TOMAT",973,439,,,,"0.0000",12.0%,
"1421-6M-TOMAT",1051,474,,,,"0.0000",12.0%,
"1421-12M-TOMAT",1051,474,,,,"0.0000",12.0%,
"1441-6M-TOMAT",973,439,,,,"0.0000",12.0%,
"1441-12M-TOMAT",973,439,,,,"0.0000",12.0%,
"1301-12M-TOMAT",1089,491,,,,"0.0000",12.0%,
"8002-2T-TOMAT",1089,491,,,,"0.0000",12.0%,
"1411-12M-TOMAT",1478,667,,,,"0.0000",12.0%,
"1411-2T-TOMAT",1478,667,,,,"0.0000",12.0%,
"1104-12M-TOMAT",1478,667,,,,"0.0000",12.0%,
"1104-2T-TOMAT",1478,667,,,,"0.0000",12.0%,
"9011-12M-TOMAT",1478,667,,,,"0.0000",12.0%,
"9011-2T-TOMAT",1478,667,,,,"0.0000",12.0%,
"LIMBWLR2Y-CB",1011,456,,,,"0.0000",12.0%,
"LIMBWLR3Y-CB",1005,450,,,,"0.0000",10.5%,
"MSTBWLR2Y-CB",1011,456,,,,"0.0000",12.0%,
"MSTBWLR3Y-CB",1005,450,,,,"0.0000",10.5%,
"LIMBRTCH2YA-CB",1323,597,,,,"0.0000",12.0%,
"LIMBRTCH3YA-CB",1315,589,,,,"0.0000",10.5%,
"LIMBRTCH3YWHL-CB",1315,589,,,,"0.0000",10.5%,
"MSTBRTCH2YC-CB",1323,597,,,,"0.0000",12.0%,
"MSTBRTCH3YC-CB",1315,589,,,,"0.0000",10.5%,
"CRLBRTCH2YB-CB",1323,597,,,,"0.0000",12.0%,
"CRLBRTCH3YB-CB",1315,589,,,,"0.0000",10.5%,
"MSTBRTCH3YWHL-CB",1315,589,,,,"0.0000",10.5%,
"CRLBLMR1YTRTL-CB",1089,491,,,,"0.0000",12.0%,
"CRLBLMR1YB-CB",1089,491,,,,"0.0000",12.0%,
"CRLBLMR1YBRD-CB",1089,491,,,,"0.0000",12.0%,
"CRLBLMR1YC-CB",1089,491,,,,"0.0000",12.0%,
"LIMBLMR1YA-CB",1089,491,,,,"0.0000",12.0%,
"MSTBXR1YI-CB",1089,491,,,,"0.0000",12.0%,
"MSTBXR2YI-CB",1089,491,,,,"0.0000",12.0%,
"MSTBXR2YSEA-CB",1089,491,,,,"0.0000",12.0%,
"MSTBXR1YW-CB",1089,491,,,,"0.0000",12.0%,
"MSTBXR2YW-CB",1089,491,,,,"0.0000",12.0%,
"MSTBXR2YWHL-CB",1089,491,,,,"0.0000",12.0%,
"35NFE01S-EDGEPUB",133,57,,,,"0.0000",0.0%,
"36TFE01S-EDGEPUB",133,57,,,,"0.0000",0.0%,
"36WFC01S-EDGEPUB",133,57,,,,"0.0000",0.0%,
"47AFW01S-EDGEPUB",133,57,,,,"0.0000",0.0%,
"I2-821-306-NB-UN",1089,491,,,,"0.0000",12.0%,
"I2-821-307-NB-UN",1089,491,,,,"0.0000",12.0%,
"I2-822-306-NB-UN",1011,456,,,,"0.0000",12.0%,
"I2-822-307-NB-UN",1011,456,,,,"0.0000",12.0%,
"I2-819-306-NB-UN",1011,456,,,,"0.0000",12.0%,
"I2-819-307-NB-UN",1011,456,,,,"0.0000",12.0%,
"I20-776-273-BU-UN",393,176,,,,"0.0000",10.0%,
"I20-775-273-TG-UN",1011,456,,,,"0.0000",12.0%,
"I20-713-273-TG-UN",1089,491,,,,"0.0000",12.0%,
"I2-836-304-TG-UN",1011,456,,,,"0.0000",12.0%,
"BBR-NAVY9M-UN",662,299,,,,"0.0000",12.0%,
"BBR-NAVY18M-UN",662,299,,,,"0.0000",12.0%,
"RWL-NAVY-9MO-UN",739,334,,,,"0.0000",12.0%,
"RWL-NAVY-18MO-UN",739,334,,,,"0.0000",12.0%,
"SH-WHT-12MO-UN",700,316,,,,"0.0000",12.0%,
"SH-WHT-18MO-UN",700,316,,,,"0.0000",12.0%,
"2PCPOPLINWHT-12M-UN",1400,632,,,,"0.0000",12.0%,
"2PCPOPLINWHT-18M-UN",1400,632,,,,"0.0000",12.0%,
"2PCPOPLINWHT-24M-UN",1400,632,,,,"0.0000",12.0%,
"I10-816-305-TG-UN",1167,527,,,,"0.0000",12.0%,
"RDBLMR-WHT-6MO-UN",1167,527,,,,"0.0000",12.0%,
"RDBLMR-WHT-9MO-UN",1167,527,,,,"0.0000",12.0%,
"SHFloral-Pnk-12mo-UN",700,316,,,,"0.0000",12.0%,
"SHFLORAL-PNK-24MO-UN",700,316,,,,"0.0000",12.0%,
,,,,,,,,
,,,,,,,,
,,,,,,,,
,,,,,,,,
,,,,,,,,
,,,,,,,,
,,,,,,,,
,,,,,,,,
,,,,,,,,
,,,,,,,,
,,,,,,,,
,,,,,,,,
,,,,,,,,
,,,,,,,,
,,,,,,,,
,,,,,,,,
