"store","websites","attribute_set","type","category_ids","sku","has_options","manufacturer","color","status","is_recurring","visibility","enable_googlecheckout","tax_class_id","featured","size","age","ebizmarts_mark_visited","description","short_description","meta_keyword","custom_layout_update","faq","material","warnings","miniblog","washcareinstructions","cost","weight","special_price","price","msrp","name","image","small_image","thumbnail","url_key","url_path","page_layout","options_container","image_label","small_image_label","thumbnail_label","country_of_manufacture","msrp_enabled","msrp_display_actual_price_type","dimension","gender","import_tax","hs_code","amazon_avg_rating","amazon_review_count","awards","meta_title","meta_description","custom_design","gr_ean","gift_message_available","special_from_date","special_to_date","news_from_date","news_to_date","custom_design_from","custom_design_to","gr_valid_through","qty","min_qty","use_config_min_qty","is_qty_decimal","backorders","use_config_backorders","min_sale_qty","use_config_min_sale_qty","max_sale_qty","use_config_max_sale_qty","is_in_stock","low_stock_date","notify_stock_qty","use_config_notify_stock_qty","manage_stock","use_config_manage_stock","stock_status_changed_auto","use_config_qty_increments","qty_increments","use_config_enable_qty_inc","enable_qty_increments","is_decimal_divided","stock_status_changed_automatically","use_config_enable_qty_increments","product_name","store_id","product_type_id","product_status_changed","product_changed_websites","gallery","sku_type","weight_type","price_type","price_view","shipment_type"
"english","base","Default","simple","24,28,38,39,42,44,57,20,29","MTN-002-MTN","0","My True Nature","","Disabled","No","Catalog, Search","Yes","None","No","","新生","No","<li>Made in USA using domestic and foreign ingredients.</li>
<li>Big, big bubbles that kids love to play with</li>
<li>All-natural and extremely mild plant-based cleansers</li>
<li>No slippery residue left on skin or tub</li>
<li>Rich in organic botanicals including aloe, plantain & white peony tea extracts, & pure essential oils</li>
<li>Not tested on animals</li>
","Deweyﾒs bubbles are the best! This pure, natural formula combines plant-based cleansers and botanicals to create mountains of big bubbles for bath-time fun and relaxation. 

Organic aloe, plantago extract, and white peony tea extract nourish the skin while the cleansers gently remove germs and dirt. Mild, fresh, and clean organic essential oils make the bath smell terrific! Reuse the bottle made of 100% recycled plastic for a truly sustainable bath time experience.

Most of our ingredients are locally sourced from organic farms in California and the Pacific Northwest. Those that are not produced locally come from Germany.
","","","","Completely free of genetically modified organisms, parabens, petrochemicals, phthalates, sulfates, synthetic dyes or fragrances, triclosan & preservatives/100% recycled and reusable plastic bottle","","","","","1.0000","","0.0000","","12 oz Dewey's Organic Natural Baby Bubble Bath","/m/t/mtn-002.jpg","/m/t/mtn-002.jpg","/m/t/mtn-002.jpg","my-true-naure-355ml","my-true-naure-355ml.html","No layout updates","Block after Info Column","","",""," ","Use config","Use config","12oz/約355ml","女 , 男","","","","","","","","","","No","","","","","","","","24.0000","0.0000","1","0","0","1","1.0000","1","0.0000","1","1","","","1","0","1","0","1","0.0000","1","0","0","0","1","12 oz Dewey's Organic Natural Baby Bubble Bath","1","simple","","","","","","","",""
"english","base","Default","simple","20,24,28,29,38,42,44,57","MTN-004-MTN","0","My True Nature","","Disabled","No","Catalog, Search","Yes","None","No","","新生","No","<li>Made in USA using domestic and foreign ingredients.</li>
<li>Great for kids with eczema or sensitive skin.</li>
<li>Plant-based, non-irritating cleansers, get your baby squeaky clean without irritating eyes or skin.</li>
<li>Fresh light citrus natural scent derived from essential oils.</li>
<li>Full of nourishing and calming organic botanicals including olive oil, aloe, and pure essential oils.</li>
<li>Not tested on animals.</li>
","Lather up like Daisy and come out smelling like flowers! A pure and natural formula that combines gentle, organic plant-based cleansers with nourishing, calming, and moisturizing olive oil and aloe to create an all-in-one wash for babies and toddlers. 

This gentle wash is perfect for sensitive skin, cradle cap, or eczema and will leave your little ones soft as silk and smelling clean. Reuse the bottle made of 100% recycled plastic for a truly sustainable bath time experience.

Most of our ingredients are locally sourced from organic farms in California and the Pacific Northwest. Those that are not produced locally come from Germany.","","","","Completely free of genetically modified organisms, parabens, petrochemicals, phthalates, sulfates, synthetic dyes, synthetic fragrances, triclosan or preservatives./100% recycled and reusable plastic bottle.","","","","0.0000","1.0000","","0.0000","0.0000","8oz Daisy's 2-in-1 Organic Shampoo/Body Wash","/m/t/mtn-004.jpg","/m/t/mtn-004.jpg","/m/t/mtn-004.jpg","my-true-nature-2-1-250ml","my-true-nature-2-1-250ml-1342.html","No layout updates","Block after Info Column","","",""," ","Use config","Use config","8oz/約250ml","女 , 男","0","","","","","","","","","No","","","","","","","","12.0000","0.0000","1","0","0","1","1.0000","1","0.0000","1","1","","","1","0","1","0","1","0.0000","1","0","0","0","1","8oz Daisy's 2-in-1 Organic Shampoo/Body Wash","1","simple","","","","","","","",""
"english","base","Default","simple","24,28,38,42,44,57","","0","My True Nature","","Disabled","No","Catalog, Search","Yes","None","No","","新生","","<li>Made in USA using domestic and foreign ingredients.</li>
<li>Great for kids with eczema or sensitive skin.</li>
<li>Plant-based, non-irritating cleansers, get your baby squeaky clean without irritating eyes or skin.</li>
<li>Fresh light citrus natural scent derived from essential oils.</li>
<li>Full of nourishing and calming organic botanicals including olive oil, aloe, and pure essential oils.</li>
<li>Not tested on animals.</li>
","Lather up like Daisy and come out smelling like flowers! A pure and natural formula that combines gentle, organic plant-based cleansers with nourishing, calming, and moisturizing olive oil and aloe to create an all-in-one wash for babies and toddlers. 

This gentle wash is perfect for sensitive skin, cradle cap, or eczema and will leave your little ones soft as silk and smelling clean. Reuse the bottle made of 100% recycled plastic for a truly sustainable bath time experience.

Most of our ingredients are locally sourced from organic farms in California and the Pacific Northwest. Those that are not produced locally come from Germany.","","","","Completely free of genetically modified organisms, parabens, petrochemicals, phthalates, sulfates, synthetic dyes, synthetic fragrances, triclosan or preservatives./100% recycled and reusable plastic bottle.","","","","248.0000","1.0000","","568.0000","468.0000","8oz Daisy's 2-in-1 Organic Shampoo/Body Wash","/","/","/","my-true-nature-8oz-2-in-1-shampoo-body-wash","my-true-nature-8oz-2-in-1-shampoo-body-wash-1341.html","No layout updates","Block after Info Column","/","/","/","","Use config","Use config","8oz/約250ml","女 , 男","5.0%","","","","","","","","","","","","","","","","","0.0000","0.0000","1","0","0","1","1.0000","1","0.0000","1","0","2013-10-30 08:37:18","","1","0","1","1","1","0.0000","1","0","0","1","1","8oz Daisy's 2-in-1 Organic Shampoo/Body Wash","1","simple","","","","","","","",""
"english","base","Default","simple","24,28,38,42,44,57,20,29","MTN-012-MTN","0","My True Nature","","Disabled","No","Catalog, Search","Yes","None","No","","新生","No","<li>Made in USA using domestic and foreign ingredients.</li>
<li>Great for kids with eczema or sensitive skin.</li>
<li>Plant-based, non-irritating cleansers, get your baby squeaky clean without irritating eyes or skin.</li>
<li>Fresh light citrus natural scent derived from essential oils.</li>
<li>Full of nourishing and calming organic botanicals including olive oil, aloe, and pure essential oils.</li>
<li>Not tested on animals.</li>
","Lather up like Daisy and come out smelling like flowers! A pure and natural formula that combines gentle, organic plant-based cleansers with nourishing, calming, and moisturizing olive oil and aloe to create an all-in-one wash for babies and toddlers. 

This gentle wash is perfect for sensitive skin, cradle cap, or eczema and will leave your little ones soft as silk and smelling clean. Reuse the bottle made of 100% recycled plastic for a truly sustainable bath time experience.

Most of our ingredients are locally sourced from organic farms in California and the Pacific Northwest. Those that are not produced locally come from Germany.","","","","Completely free of genetically modified organisms, parabens, petrochemicals, phthalates, sulfates, synthetic dyes, synthetic fragrances, triclosan or preservatives./100% recycled and reusable plastic bottle.","","","","248.0000","1.0000","","568.0000","468.0000","8oz Daisy's 2-in-1 Organic Shampoo/Body Wash","/m/t/mtn-012.jpg","/m/t/mtn-012.jpg","/m/t/mtn-012.jpg","my-true-nature-2-1-250ml","my-true-nature-2-1-250ml.html","No layout updates","Block after Info Column","","",""," ","Use config","Use config","8oz/約250ml","女 , 男","5.0%","","","","","","","","","No","","","","","","","","24.0000","0.0000","1","0","0","1","1.0000","1","0.0000","1","1","","","1","0","1","0","1","0.0000","1","0","0","0","1","8oz Daisy's 2-in-1 Organic Shampoo/Body Wash","1","simple","","","","","","","",""
"english","base","Default","simple","30,31,42,45,54,70","SSBB-GrlStrp-6mo-UN","0","Under The Nile","","Disabled","No","Catalog, Search","Yes","None","No","","3-6個月","No","","","","","","","","","可洗衣機洗滌,低溫烘乾","","1.0000","1089.0000","890.0000","778.0000","Side Snap Footie, Hello Goodbye Ice Blue, Newborn","/i/2/i2-819-footie-ice-blue_1200x1200.jpg","/i/2/i2-819-footie-ice-blue_1200x1200.jpg","/i/2/i2-819-footie-ice-blue_1200x1200.jpg","under-the-nile-3-6","under-the-nile-3-1376.html","No layout updates","Block after Info Column","","","","China","Use config","Use config","","女","12.0%","","","","","","","","","No","2013-08-28 00:00:00","","","","","","","5.0000","0.0000","1","0","0","1","1.0000","1","0.0000","1","1","","","1","0","1","0","1","0.0000","1","0","0","0","1","Side Snap Footie, Hello Goodbye Ice Blue, Newborn","1","simple","","","","","","","",""
"english","base","Default","simple","24,28,38,42,44,57","","0","My True Nature","","Disabled","No","Catalog, Search","Yes","None","No","","新生","","<li>Made in USA using domestic and foreign ingredients.</li>
<li>Great for kids with eczema or sensitive skin.</li>
<li>Plant-based, non-irritating cleansers, get your baby squeaky clean without irritating eyes or skin.</li>
<li>Fresh light citrus natural scent derived from essential oils.</li>
<li>Full of nourishing and calming organic botanicals including olive oil, aloe, and pure essential oils.</li>
<li>Not tested on animals.</li>
","Lather up like Daisy and come out smelling like flowers! A pure and natural formula that combines gentle, organic plant-based cleansers with nourishing, calming, and moisturizing olive oil and aloe to create an all-in-one wash for babies and toddlers. 

This gentle wash is perfect for sensitive skin, cradle cap, or eczema and will leave your little ones soft as silk and smelling clean. Reuse the bottle made of 100% recycled plastic for a truly sustainable bath time experience.

Most of our ingredients are locally sourced from organic farms in California and the Pacific Northwest. Those that are not produced locally come from Germany.","","","","Completely free of genetically modified organisms, parabens, petrochemicals, phthalates, sulfates, synthetic dyes, synthetic fragrances, triclosan or preservatives./100% recycled and reusable plastic bottle.","","","","248.0000","1.0000","","568.0000","468.0000","8oz Daisy's 2-in-1 Organic Shampoo/Body Wash","/","/","/","my-true-nature-8oz-2-in-1-shampoo-body-wash","my-true-nature-8oz-2-in-1-shampoo-body-wash-1338.html","No layout updates","Block after Info Column","/","/","/","","Use config","Use config","8oz/約250ml","女 , 男","5.0%","","","","","","","","","","","","","","","","","0.0000","0.0000","1","0","0","1","1.0000","1","0.0000","1","0","2013-10-30 08:10:12","","1","0","1","1","1","0.0000","1","0","0","1","1","8oz Daisy's 2-in-1 Organic Shampoo/Body Wash","1","simple","","","","","","","",""
"english","base","Default","simple","30,31,42,45,54,70","SSBB-GrlStrp-3mo-UN","0","Under The Nile","","Disabled","No","Catalog, Search","Yes","None","No","","新生到3個月","No","","","","","","","","","可洗衣機洗滌,低溫烘乾","","1.0000","1089.0000","890.0000","778.0000","Side Snap Footie, Hello Goodbye Ice Blue, Newborn","/i/2/i2-819-footie-ice-blue_1200x1200.jpg","/i/2/i2-819-footie-ice-blue_1200x1200.jpg","/i/2/i2-819-footie-ice-blue_1200x1200.jpg","under-the-nile-3","under-the-nile-31.html","No layout updates","Block after Info Column","","","","China","Use config","Use config","","女","12.0%","","","","","","","","","No","2013-08-28 00:00:00","","","","","","","5.0000","0.0000","1","0","0","1","1.0000","1","0.0000","1","1","","","1","0","1","0","1","0.0000","1","0","0","0","1","Side Snap Footie, Hello Goodbye Ice Blue, Newborn","1","simple","","","","","","","",""
"english","base","Default","simple","11,20,24,30,31,42,45,54,70","I2-738-297-FA-UN","0","Under The Nile","","Disabled","No","Catalog, Search","Yes","None","No","","6-9個月","No","","","","","","","","","可洗衣機洗滌,低溫烘乾","","1.0000","1089.0000","890.0000","778.0000","Side Snap Footie, Hello Goodbye Ice Blue, Newborn","/i/2/i2-819-footie-ice-blue_1200x1200.jpg","/i/2/i2-819-footie-ice-blue_1200x1200.jpg","/i/2/i2-819-footie-ice-blue_1200x1200.jpg","under-the-nile-6","under-the-nile-28.html","No layout updates","Block after Info Column","","","","China","Use config","Use config","","女","12.0%","","","","","","","","","No","2013-08-28 00:00:00","","","","","","","4.0000","0.0000","1","0","0","1","1.0000","1","0.0000","1","1","","","1","0","1","0","1","0.0000","1","0","0","0","1","Side Snap Footie, Hello Goodbye Ice Blue, Newborn","1","simple","","","","","","","",""
"english","base","Default","simple","11,20,24,30,31,42,45,54,70","1PcRmpr-BluStrp-9mo-UN","0","Under The Nile","","Disabled","No","Catalog, Search","Yes","None","No","","6-9個月","No","","","","","","","","","可洗衣機洗滌,低溫烘乾","","1.0000","1089.0000","890.0000","778.0000","Side Snap Footie, Hello Goodbye Ice Blue, Newborn","/i/2/i2-819-footie-ice-blue_1200x1200.jpg","/i/2/i2-819-footie-ice-blue_1200x1200.jpg","/i/2/i2-819-footie-ice-blue_1200x1200.jpg","under-the-nile-9","under-the-nile-30.html","No layout updates","Block after Info Column","","","","China","Use config","Use config","","女","12.0%","","","","","","","","","No","2013-08-28 00:00:00","","","","","","","16.0000","0.0000","1","0","0","1","1.0000","1","0.0000","1","1","","","1","0","1","0","1","0.0000","1","0","0","0","1","Side Snap Footie, Hello Goodbye Ice Blue, Newborn","1","simple","","","","","","","",""
"english","base","Default","simple","11,20,24,29,30,31,42,45,54,70","SST-ByDot-3mo-UN","0","Under The Nile","","Disabled","No","Catalog, Search","Yes","None","No","","新生到3個月","No","","","","","","","","","可洗衣機洗滌,低溫烘乾","","1.0000","1089.0000","890.0000","778.0000","Side Snap Footie, Hello Goodbye Ice Blue, Newborn","/i/2/i2-819-footie-ice-blue_1200x1200.jpg","/i/2/i2-819-footie-ice-blue_1200x1200.jpg","/i/2/i2-819-footie-ice-blue_1200x1200.jpg","under-the-nile-3","under-the-nile-27.html","No layout updates","Block after Info Column","","","","China","Use config","Use config","","男","12.0%","","","","","","","","","No","2013-08-28 00:00:00","","","","","","","5.0000","0.0000","1","0","0","1","1.0000","1","0.0000","1","1","","","1","0","1","0","1","0.0000","1","0","0","0","1","Side Snap Footie, Hello Goodbye Ice Blue, Newborn","1","simple","","","","","","","",""
"english","base","Default","simple","11,20,24,30,31,42,45,54,70","1PcRmpr-BluStrp-6mo-UN","0","Under The Nile","","Disabled","No","Catalog, Search","Yes","None","No","","3-6個月","No","","","","","","","","","可洗衣機洗滌,低溫烘乾","","1.0000","1089.0000","890.0000","778.0000","Side Snap Footie, Hello Goodbye Ice Blue, Newborn","/i/2/i2-819-footie-ice-blue_1200x1200.jpg","/i/2/i2-819-footie-ice-blue_1200x1200.jpg","/i/2/i2-819-footie-ice-blue_1200x1200.jpg","under-the-nile-6","under-the-nile-29.html","No layout updates","Block after Info Column","","","","China","Use config","Use config","","女","12.0%","","","","","","","","","No","2013-08-28 00:00:00","","","","","","","16.0000","0.0000","1","0","0","1","1.0000","1","0.0000","1","1","","","1","0","1","0","1","0.0000","1","0","0","0","1","Side Snap Footie, Hello Goodbye Ice Blue, Newborn","1","simple","","","","","","","",""
"english","base","Default","simple","11,24,30,31,42,45,54,70,20,29","SST-GrlDot-6mo-UN","0","Under The Nile","","Disabled","No","Catalog, Search","Yes","None","No","","3-6個月","No","","","","","","","","","可洗衣機洗滌,低溫烘乾","","1.0000","1089.0000","890.0000","778.0000","Side Snap Footie, Hello Goodbye Ice Blue, Newborn","/i/2/i2-819-footie-ice-blue_1200x1200.jpg","/i/2/i2-819-footie-ice-blue_1200x1200.jpg","/i/2/i2-819-footie-ice-blue_1200x1200.jpg","under-the-nile-3-6","under-the-nile-3-1373.html","No layout updates","Block after Info Column","","","","China","Use config","Use config","","女","12.0%","","","","","","","","","No","2013-08-28 00:00:00","","","","","","","5.0000","0.0000","1","0","0","1","1.0000","1","0.0000","1","1","","","1","0","1","0","1","0.0000","1","0","0","0","1","Side Snap Footie, Hello Goodbye Ice Blue, Newborn","1","simple","","","","","","","",""
"english","base","Default","simple","11,20,24,29,30,31,42,45,54,70","SST-ByDot-6mo-UN","0","Under The Nile","","Disabled","No","Catalog, Search","Yes","None","No","","3-6個月","No","","","","","","","","","可洗衣機洗滌,低溫烘乾","","1.0000","1089.0000","890.0000","778.0000","Side Snap Footie, Hello Goodbye Ice Blue, Newborn","/i/2/i2-819-footie-ice-blue_1200x1200.jpg","/i/2/i2-819-footie-ice-blue_1200x1200.jpg","/i/2/i2-819-footie-ice-blue_1200x1200.jpg","under-the-nile-3-6","under-the-nile-3-1375.html","No layout updates","Block after Info Column","","","","China","Use config","Use config","","男","12.0%","","","","","","","","","No","2013-08-28 00:00:00","","","","","","","5.0000","0.0000","1","0","0","1","1.0000","1","0.0000","1","1","","","1","0","1","0","1","0.0000","1","0","0","0","1","Side Snap Footie, Hello Goodbye Ice Blue, Newborn","1","simple","","","","","","","",""
"english","base","Default","simple","11,30,42,45,54,70","FP-BLUE-6MO-UN","0","Under The Nile","","Disabled","No","Catalog, Search","Yes","None","No","","3-6個月","No","","","","","","","","","可洗衣機洗滌,低溫烘乾","","1.0000","1089.0000","890.0000","778.0000","Side Snap Footie, Hello Goodbye Ice Blue, Newborn","/i/2/i2-819-footie-ice-blue_1200x1200.jpg","/i/2/i2-819-footie-ice-blue_1200x1200.jpg","/i/2/i2-819-footie-ice-blue_1200x1200.jpg","under-the-nile-3-6","under-the-nile-3-1371.html","No layout updates","Block after Info Column","","","","China","Use config","Use config","","男","12.0%","","","","","","","","","No","2013-08-28 00:00:00","","","","","","","6.0000","0.0000","1","0","0","1","1.0000","1","0.0000","1","1","","","1","0","1","0","1","0.0000","1","0","0","0","1","Side Snap Footie, Hello Goodbye Ice Blue, Newborn","1","simple","","","","","","","",""
"english","base","Default","simple","11,20,24,29,30,31,42,45,54,70","SST-GrlDot-3mo-UN","0","Under The Nile","","Disabled","No","Catalog, Search","Yes","None","No","","新生到3個月","No","","","","","","","","","可洗衣機洗滌,低溫烘乾","","1.0000","1089.0000","890.0000","778.0000","Side Snap Footie, Hello Goodbye Ice Blue, Newborn","/i/2/i2-819-footie-ice-blue_1200x1200.jpg","/i/2/i2-819-footie-ice-blue_1200x1200.jpg","/i/2/i2-819-footie-ice-blue_1200x1200.jpg","under-the-nile-3-6","under-the-nile-3-1374.html","No layout updates","Block after Info Column","","","","China","Use config","Use config","","女","12.0%","","","","","","","","","No","2013-08-28 00:00:00","","","","","","","5.0000","0.0000","1","0","0","1","1.0000","1","0.0000","1","1","","","1","0","1","0","1","0.0000","1","0","0","0","1","Side Snap Footie, Hello Goodbye Ice Blue, Newborn","1","simple","","","","","","","",""
"english","base","Default","simple","11,30,42,45,54,31,70","FtyBoyStrp-3mo-UN","0","Under The Nile","","Disabled","No","Catalog, Search","Yes","None","No","","新生到3個月","No","","","","","","","","","可洗衣機洗滌,低溫烘乾","","1.0000","1089.0000","890.0000","778.0000","Side Snap Footie, Hello Goodbye Ice Blue, Newborn","/i/2/i2-819-footie-ice-blue_1200x1200.jpg","/i/2/i2-819-footie-ice-blue_1200x1200.jpg","/i/2/i2-819-footie-ice-blue_1200x1200.jpg","under-the-nile-3","under-the-nile-26.html","No layout updates","Block after Info Column","","","","China","Use config","Use config","","男","12.0%","","","","","","","","","No","2013-08-28 00:00:00","","","","","","","6.0000","0.0000","1","0","0","1","1.0000","1","0.0000","1","1","","","1","0","1","0","1","0.0000","1","0","0","0","1","Side Snap Footie, Hello Goodbye Ice Blue, Newborn","1","simple","","","","","","","",""
"english","base","Default","simple","11,30,42,45,54,24,31,70","FtyBoyStrp-6mo-UN","0","Under The Nile","","Disabled","No","Catalog, Search","Yes","None","No","","3-6個月","No","","","","","","","","","可洗衣機洗滌,低溫烘乾","","1.0000","1089.0000","890.0000","778.0000","Side Snap Footie, Hello Goodbye Ice Blue, Newborn","/i/2/i2-819-footie-ice-blue_1200x1200.jpg","/i/2/i2-819-footie-ice-blue_1200x1200.jpg","/i/2/i2-819-footie-ice-blue_1200x1200.jpg","under-the-nile-3-6","under-the-nile-3-1372.html","No layout updates","Block after Info Column","","","","China","Use config","Use config","","男","12.0%","","","","","","","","","No","2013-08-28 00:00:00","","2013-10-29 00:00:00","2013-11-09 00:00:00","","","","6.0000","0.0000","1","0","0","1","1.0000","1","0.0000","1","1","","","1","0","1","0","1","0.0000","1","0","0","0","1","Side Snap Footie, Hello Goodbye Ice Blue, Newborn","1","simple","","","","","","","",""
"english","base","Default","simple","11,30,42,45,54,24,70","FP-BLUE-3MO-UN","0","Under The Nile","","Disabled","No","Catalog, Search","Yes","None","No","","新生到3個月","No","","","","","","","","","可洗衣機洗滌,低溫烘乾","","1.0000","1089.0000","890.0000","778.0000","Side Snap Footie, Hello Goodbye Ice Blue, Newborn","/i/2/i2-819-footie-ice-blue_1200x1200.jpg","/i/2/i2-819-footie-ice-blue_1200x1200.jpg","/i/2/i2-819-footie-ice-blue_1200x1200.jpg","under-the-nile-3","under-the-nile-25.html","No layout updates","Block after Info Column","","","","China","Use config","Use config","","男","12.0%","","","","","","","","","No","2013-08-28 00:00:00","","","","","","","6.0000","0.0000","1","0","0","1","1.0000","1","0.0000","1","1","","","1","0","1","0","1","0.0000","1","0","0","0","1","Side Snap Footie, Hello Goodbye Ice Blue, Newborn","1","simple","","","","","","","",""
"english","base","Default","simple","11,30,42,45,54,31,70","FP-BLUSH-6MO-UN","0","Under The Nile","","Disabled","No","Catalog, Search","Yes","None","No","","3-6個月","No","","","","","","","","","可洗衣機洗滌,低溫烘乾","","1.0000","1089.0000","890.0000","778.0000","Side Snap Footie, Hello Goodbye Ice Blue, Newborn","/i/2/i2-819-footie-ice-blue_1200x1200.jpg","/i/2/i2-819-footie-ice-blue_1200x1200.jpg","/i/2/i2-819-footie-ice-blue_1200x1200.jpg","under-the-nile-3-6","under-the-nile-3-1370.html","No layout updates","Block after Info Column","","","","China","Use config","Use config","","女","12.0%","","","","","","","","","No","2013-08-28 00:00:00","","","","","","","6.0000","0.0000","1","0","0","1","1.0000","1","0.0000","1","1","","","1","0","1","0","1","0.0000","1","0","0","0","1","Side Snap Footie, Hello Goodbye Ice Blue, Newborn","1","simple","","","","","","","",""
"english","base","Default","simple","11,30,42,45,54,20,31,70","FP-WHT-3MO-UN","0","Under The Nile","","Disabled","No","Catalog, Search","Yes","None","No","","新生到3個月","No","","","","","","","","","可洗衣機洗滌,低溫烘乾","","1.0000","1089.0000","890.0000","778.0000","Side Snap Footie, Hello Goodbye Ice Blue, Newborn","/i/2/i2-819-footie-ice-blue_1200x1200.jpg","/i/2/i2-819-footie-ice-blue_1200x1200.jpg","/i/2/i2-819-footie-ice-blue_1200x1200.jpg","under-the-nile-3","under-the-nile-23.html","No layout updates","Block after Info Column","","","","China","Use config","Use config","","女","12.0%","","","","","","","","","No","2013-08-28 00:00:00","","","","","","","6.0000","0.0000","1","0","0","1","1.0000","1","0.0000","1","1","","","1","0","1","0","1","0.0000","1","0","0","0","1","Side Snap Footie, Hello Goodbye Ice Blue, Newborn","1","simple","","","","","","","",""
"english","base","Default","simple","30,42,45,54,11,20,24,31,70","FP-Wht-6mo-UN","0","Under The Nile","","Disabled","No","Catalog, Search","Yes","None","No","","3-6個月","No","","","","","","","","","可洗衣機洗滌,低溫烘乾","","1.0000","1089.0000","890.0000","778.0000","Side Snap Footie, Hello Goodbye Ice Blue, Newborn","/i/2/i2-819-footie-ice-blue_1200x1200.jpg","/i/2/i2-819-footie-ice-blue_1200x1200.jpg","/i/2/i2-819-footie-ice-blue_1200x1200.jpg","under-the-nile-3-6","under-the-nile-3-1369.html","No layout updates","Block after Info Column","","","","China","Use config","Use config","","女","12.0%","","","","","","","","","No","2013-08-28 00:00:00","","","","","","","6.0000","0.0000","1","0","0","1","1.0000","1","0.0000","1","1","","","1","0","1","0","1","0.0000","1","0","0","0","1","Side Snap Footie, Hello Goodbye Ice Blue, Newborn","1","simple","","","","","","","",""
"english","base","Default","simple","11,30,42,45,54,31,70","FP-BLUSH-3MO-UN","0","Under The Nile","","Disabled","No","Catalog, Search","Yes","None","No","","新生到3個月","No","","","","","","","","","可洗衣機洗滌,低溫烘乾","","1.0000","1089.0000","890.0000","778.0000","Side Snap Footie, Hello Goodbye Ice Blue, Newborn","/i/2/i2-819-footie-ice-blue_1200x1200.jpg","/i/2/i2-819-footie-ice-blue_1200x1200.jpg","/i/2/i2-819-footie-ice-blue_1200x1200.jpg","under-the-nile-3","under-the-nile-24.html","No layout updates","Block after Info Column","","","","China","Use config","Use config","","女","12.0%","","","","","","","","","No","2013-08-28 00:00:00","","","","","","","6.0000","0.0000","1","0","0","1","1.0000","1","0.0000","1","1","","","1","0","1","0","1","0.0000","1","0","0","0","1","Side Snap Footie, Hello Goodbye Ice Blue, Newborn","1","simple","","","","","","","",""
"english","base","Default","simple","30,38,42,45,54,11,20,31","SSLaytSet-Rose-3mo-UN","0","Under The Nile","","Disabled","No","Catalog, Search","Yes","None","No","","新生到3個月","No","","","","","","","","","可洗衣機洗滌,低溫烘乾","","1.0000","1089.0000","890.0000","778.0000","Side Snap Footie, Hello Goodbye Ice Blue, Newborn","/i/2/i2-819-footie-ice-blue_1200x1200.jpg","/i/2/i2-819-footie-ice-blue_1200x1200.jpg","/i/2/i2-819-footie-ice-blue_1200x1200.jpg","under-the-nile-3","under-the-nile-22.html","No layout updates","Block after Info Column","","","","China","Use config","Use config","","女","12.0%","","","","","","","","","No","2013-08-28 00:00:00","","","","","","","3.0000","0.0000","1","0","0","1","1.0000","1","0.0000","1","1","","","1","0","1","0","1","0.0000","1","0","0","0","1","Side Snap Footie, Hello Goodbye Ice Blue, Newborn","1","simple","","","","","","","",""
"english","base","Default","simple","11,30,38,42,45,54,20","SSLaytSet-Rose-9mo-UN","0","Under The Nile","","Disabled","No","Catalog, Search","Yes","None","No","","6-9個月","No","","","","","","","","","可洗衣機洗滌,低溫烘乾","","1.0000","1089.0000","890.0000","778.0000","Side Snap Footie, Hello Goodbye Ice Blue, Newborn","/i/2/i2-819-footie-ice-blue_1200x1200.jpg","/i/2/i2-819-footie-ice-blue_1200x1200.jpg","/i/2/i2-819-footie-ice-blue_1200x1200.jpg","under-the-nile-6-9","under-the-nile-6-1333.html","No layout updates","Block after Info Column","","","","China","Use config","Use config","","女","12.0%","","","","","","","","","No","2013-08-28 00:00:00","","","","","","","4.0000","0.0000","1","0","0","1","1.0000","1","0.0000","1","1","","","1","0","1","0","1","0.0000","1","0","0","0","1","Side Snap Footie, Hello Goodbye Ice Blue, Newborn","1","simple","","","","","","","",""
"english","base","Default","simple","11,30,42,45,54,31,70","LS-SSBB-Tan-6mo-UN","0","Under The Nile","","Disabled","No","Catalog, Search","Yes","None","No","","3-6個月","No","","","","","","","","","可洗衣機洗滌,低溫烘乾","","1.0000","1089.0000","890.0000","778.0000","Side Snap Footie, Hello Goodbye Ice Blue, Newborn","/i/2/i2-819-footie-ice-blue_1200x1200.jpg","/i/2/i2-819-footie-ice-blue_1200x1200.jpg","/i/2/i2-819-footie-ice-blue_1200x1200.jpg","under-the-nile-3-6","under-the-nile-3-1368.html","No layout updates","Block after Info Column","","","","China","Use config","Use config","","女","12.0%","","","","","","","","","No","2013-08-28 00:00:00","","","","","","","6.0000","0.0000","1","0","0","1","1.0000","1","0.0000","1","1","","","1","0","1","0","1","0.0000","1","0","0","0","1","Side Snap Footie, Hello Goodbye Ice Blue, Newborn","1","simple","","","","","","","",""
"english","base","Default","simple","30,42,45,54,11,20,24,31,70","I2-116-297-BS-UN","0","Under The Nile","","Disabled","No","Catalog, Search","Yes","None","No","","6-9個月","No","","","","","","","","","可洗衣機洗滌,低溫烘乾","","1.0000","1089.0000","890.0000","778.0000","Side Snap Footie, Hello Goodbye Ice Blue, Newborn","/i/2/i2-819-footie-ice-blue_1200x1200.jpg","/i/2/i2-819-footie-ice-blue_1200x1200.jpg","/i/2/i2-819-footie-ice-blue_1200x1200.jpg","under-the-nile-6-9","under-the-nile-6-9.html","No layout updates","Block after Info Column","","","","China","Use config","Use config","","女","12.0%","","","","","","","","","No","2013-08-28 00:00:00","","","","","","","4.0000","0.0000","1","0","0","1","1.0000","1","0.0000","1","1","","","1","0","1","0","1","0.0000","1","0","0","0","1","Side Snap Footie, Hello Goodbye Ice Blue, Newborn","1","simple","","","","","","","",""
"english","base","Default","simple","24,30,42,45,54,11,20,31,70","LS-SSBB-Wht-3mo-UN","0","Under The Nile","","Disabled","No","Catalog, Search","Yes","None","No","","新生到3個月","No","","","","","","","","","可洗衣機洗滌,低溫烘乾","","1.0000","1089.0000","890.0000","778.0000","Side Snap Footie, Hello Goodbye Ice Blue, Newborn","/i/2/i2-819-footie-ice-blue_1200x1200.jpg","/i/2/i2-819-footie-ice-blue_1200x1200.jpg","/i/2/i2-819-footie-ice-blue_1200x1200.jpg","under-the-nile-3-6","under-the-nile-3-1367.html","No layout updates","Block after Info Column","","","","China","Use config","Use config","","女","12.0%","","","","","","","","","No","2013-08-28 00:00:00","","","","","","","5.0000","0.0000","1","0","0","1","1.0000","1","0.0000","1","1","","","1","0","1","0","1","0.0000","1","0","0","0","1","Side Snap Footie, Hello Goodbye Ice Blue, Newborn","1","simple","","","","","","","",""
"english","base","Default","simple","30,42,45,54,70,31","LS-SSBB-Wht-6mo-UN","0","Under The Nile","","Disabled","No","Catalog, Search","Yes","None","No","","3-6個月","No","","","","","","","","","可洗衣機洗滌,低溫烘乾","","1.0000","1089.0000","890.0000","778.0000","Side Snap Footie, Hello Goodbye Ice Blue, Newborn","/i/2/i2-819-footie-ice-blue_1200x1200.jpg","/i/2/i2-819-footie-ice-blue_1200x1200.jpg","/i/2/i2-819-footie-ice-blue_1200x1200.jpg","under-the-nile-3-6","under-the-nile-3-1366.html","No layout updates","Block after Info Column","","","","China","Use config","Use config","","女","12.0%","","","","","","","","","No","2013-08-28 00:00:00","","","","","","","5.0000","0.0000","1","0","0","1","1.0000","1","0.0000","1","1","","","1","0","1","0","1","0.0000","1","0","0","0","1","Side Snap Footie, Hello Goodbye Ice Blue, Newborn","1","simple","","","","","","","",""
"english","base","Default","simple","20,11,38,45,54,52,30","TDrss-Pnk-24mo-UN","0","Under The Nile","","Disabled","No","Catalog, Search","Yes","None","No","","18-24個月","No","","","","","","","","","可洗衣機洗滌,低溫烘乾","","1.0000","1089.0000","890.0000","778.0000","Side Snap Footie, Hello Goodbye Ice Blue, Newborn","/i/2/i2-819-footie-ice-blue_1200x1200.jpg","/i/2/i2-819-footie-ice-blue_1200x1200.jpg","/i/2/i2-819-footie-ice-blue_1200x1200.jpg","under-the-nile-3-6","under-the-nile-3-1364.html","No layout updates","Block after Info Column","","","","China","Use config","Use config","","女","12.0%","","","","","","","","","No","2013-08-28 00:00:00","","","","","","","5.0000","0.0000","1","0","0","1","1.0000","1","0.0000","1","1","","","1","0","1","0","1","0.0000","1","0","0","0","1","Side Snap Footie, Hello Goodbye Ice Blue, Newborn","1","simple","","","","","","","",""
"english","base","Default","simple","38,42,45,54,2,11,20,31,30","FtyGrlStrp-3mo-UN","0","Under The Nile","","Disabled","No","Catalog, Search","Yes","None","No","","新生到3個月","No","","","","","","","","","可洗衣機洗滌,低溫烘乾","","1.0000","1089.0000","890.0000","778.0000","Side Snap Footie, Hello Goodbye Ice Blue, Newborn","/i/2/i2-819-footie-ice-blue_1200x1200.jpg","/i/2/i2-819-footie-ice-blue_1200x1200.jpg","/i/2/i2-819-footie-ice-blue_1200x1200.jpg","under-the-nile-3","under-the-nile-3.html","No layout updates","Block after Info Column","","","","China","Use config","Use config","","女","12.0%","","","","","","","","","No","2013-08-28 00:00:00","","","","","","","6.0000","0.0000","1","0","0","1","1.0000","1","0.0000","1","1","","","1","0","1","0","1","0.0000","1","0","0","0","1","Side Snap Footie, Hello Goodbye Ice Blue, Newborn","1","simple","","","","","","","",""
"english","base","Default","simple","38,42,45,54,31,11,20,30","FtyGrlStrp-6mo-UN","0","Under The Nile","","Disabled","No","Catalog, Search","Yes","None","No","","3-6個月","No","","","","","","","","","可洗衣機洗滌,低溫烘乾","","1.0000","1089.0000","890.0000","778.0000","Side Snap Footie, Hello Goodbye Ice Blue, Newborn","/i/2/i2-819-footie-ice-blue_1200x1200.jpg","/i/2/i2-819-footie-ice-blue_1200x1200.jpg","/i/2/i2-819-footie-ice-blue_1200x1200.jpg","under-the-nile-3-6","under-the-nile-3-1365.html","No layout updates","Block after Info Column","","","","China","Use config","Use config","","女","12.0%","","","","","","","","","No","2013-08-28 00:00:00","","","","","","","6.0000","0.0000","1","0","0","1","1.0000","1","0.0000","1","1","","","1","0","1","0","1","0.0000","1","0","0","0","1","Side Snap Footie, Hello Goodbye Ice Blue, Newborn","1","simple","","","","","","","",""
"english","base","Default","simple","20,38,45,54,11,52,30","TDrss-Pnk-18mo-UN","0","Under The Nile","","Disabled","No","Catalog, Search","Yes","None","No","","12-18個月","No","","","","","","","","","可洗衣機洗滌,低溫烘乾","","1.0000","1089.0000","890.0000","778.0000","Side Snap Footie, Hello Goodbye Ice Blue, Newborn","/i/2/i2-819-footie-ice-blue_1200x1200.jpg","/i/2/i2-819-footie-ice-blue_1200x1200.jpg","/i/2/i2-819-footie-ice-blue_1200x1200.jpg","under-the-nile-3-6","under-the-nile-3-1363.html","No layout updates","Block after Info Column","","","","China","Use config","Use config","","女","12.0%","","","","","","","","","No","2013-08-28 00:00:00","","","","","","","4.0000","0.0000","1","0","0","1","1.0000","1","0.0000","1","1","","","1","0","1","0","1","0.0000","1","0","0","0","1","Side Snap Footie, Hello Goodbye Ice Blue, Newborn","1","simple","","","","","","","",""
"english","base","Default","simple","70,30,42,45,54,11,24,20,31","LS-SSBB-BLU-3MO-UN","0","Under The Nile","","Disabled","No","Catalog, Search","Yes","None","No","","新生到3個月","No","","","","","","","","","","","1.0000","1089.0000","890.0000","778.0000","Side Snap Footie, Hello Goodbye Ice Blue, Newborn","/i/2/i2-819-footie-ice-blue_1200x1200.jpg","/i/2/i2-819-footie-ice-blue_1200x1200.jpg","/i/2/i2-819-footie-ice-blue_1200x1200.jpg","under-the-nile-3-6","under-the-nile-3-1362.html","No layout updates","Block after Info Column","","","","United States","Use config","Use config","","男","12.0%","","","","","","","","","No","2013-08-28 00:00:00","","","","","","","6.0000","0.0000","1","0","0","1","1.0000","1","0.0000","1","1","","","1","0","1","0","1","0.0000","1","0","0","0","1","Side Snap Footie, Hello Goodbye Ice Blue, Newborn","1","simple","","","","","","","",""
"english","base","Default","simple","64,66","clean-kiinde","0","Kiinde","","Disabled","No","Catalog, Search","Yes","None","No","","","No","<p><b>20 Twist Pouches</b><br>
 Kiinde Twist Pouches™ combine the toughness and leak-proof guarantee of a bottle with the cost-effectiveness, compact size, and convenience of a disposable breastmilk storage bag.</p>

	<li>Pouches hold up to 150mL, and have an easy-to-see labeling surface.</li>
	<li>BPA, PVC, and pthalate-free.</li><br>
<br>

<p><b>2 Direct-Pump Adapters</b><br>
 Using the included Direct-Pump™ adapters, Twist Pouches™ twist-lock onto pumps from all major brands, for leak-free, transfer-free pumping, directly into the pouch.</p>
<br>

<p><b>Kiinde Keeper™</b><br>
 After pumping, store and organize Twist Pouches using the Kiinde Keeper™ breastmilk storage bag holder, which fits in all standard fridges and freezers./p&gt; </p>

	<li>Keeper allows you to quickly and easily organize your expressed breastmilk storage bags by date. Its universal design fits Kiinde Twist Pouches™, and breastmilk storage bags from all brands and sizes.</li><br>
<br>

<p><b>Kiinde Squeeze™ natural feeding bottle</b><br>
 Neatly and cleanly holds the breastmilk pouch for baby to drink. Just snap the pouch directly into the Squeeze natural feeding bottle, squeeze the air out of the pouch, and pop the Active-Latch™ nipple on top!</p>

	<li>Twist Pouches™ can completely eliminate gas from your baby’s meal, without complicated venting mechanisms.</li><br>
<br>

<p><b>Active Latch™ nipples</b><br>
 This kit includes two Slow Flow nipples. The nipples are designed to help infants transition from breast feeding to bottle feeding.</p>

<p>All items, except for pouches, are top rack dishwasher safe and steam sterilizer safe. All items are BPA-Free, Pthalate-free, and PVC-Free.</p>","<span style=""color: #c0504d;"">Pre-Order</span>&nbsp;ends 10/14.<br>
 ** Special offer only for pre-orders: Receive a FREE 20-pk Kiinde Pouch!! **<br>
 Delivery for week of 12/9<br>
 Never before sold in Taiwan! Be the first to own a <b>Kiinde Starter Kit</b>, currently in major stores across the USA!<br>
<hr> Pump, store, organize, and feed using the same pouch! The Kiinde Twist™ system completely eliminates the need to transfer precious milk from bottles to bags and back again!&nbsp;<br>
 Note, this kit does <b>not</b> include the Kiinde Warmer (it is included in the ""<b>Gift Set</b>""). Kiinde pouches can be warmed using any method that you normally use to warm your milk, including other Brands of bottle warmers.<br>
 Starter Kit contains:&nbsp;<br>

	<li>x20 <b>Breastmilk Pouches</b>™&nbsp;- our recyclable breastmilk pouches</li>
	<li>x2 <b>Direct-Pump Adapters</b>&nbsp;- connects pouches to Breast Pump machines from ALL major Brands.</li>
	<li>x1 <b>Keeper™</b>&nbsp;Storage Rack&nbsp;- neatly holds all your milk pouches in your refrigerator while taking up little space.</li>
	<li>x2 <b>Squeeze™ Bottles</b>&nbsp;- holds the pouch so baby can drink directly from pouch./li&gt; </li>
	<li>x2 <b>Active Latch™ Nipples with Cases</b>&nbsp;- nipples are slow flow for newborn babies. Medium flow can be purchased separately from Mamaky.</li>
	<li>x2 <b>Nipple cleaning brushes</b></li>
 Chinese manuals will be available for download.
<hr> About Kiinde<br>
 At Kiinde, we develop innovative and revolutionary products for parents. We've combined talents of world class MIT-trained engineers and product developers with a disciplined, customer-centric design philosophy - so we’re nerds with a healthy dose of tender loving care.<br>
 All Kiinde products are designed and tested in the United States, ensuring top notch safety and quality. The results are products that simplify, liberate, enable, accelerate, and delight.","","","Visit Kiinde's website for a detailed FAQ:&nbsp;<a href=""https://www.kiinde.com/gift_set_product.php"" target="""">Kiinde Starter Kit FAQ</a>&nbsp;","Twist Pouches™, Direct-Pump™ adapters, Keeper™, Squeeze™ natural feeding bottle, and Active Latch nipples™ are made of polyethylene (LDPE and HDPE), polypropylene, and silicone. All Twist products are BPA-free, PVC-free, and pthalate-free.","","","All except the pouches are top rack dishwasher safe and steam sterilizer safe.","660.0000","1.0000","","100.0000","1200.0000","Kiinde Starter Kit","/b/r/brushes.jpg","/b/r/brushes.jpg","/b/r/brushes.jpg","clean-kiinde","clean-kiinde.html","No layout updates","Block after Info Column","","","","China","Use config","Use config","一組兩件/ 長度:約5.1公分 厚度:約1.1公分","女","0%","","4.7","9","","","","","","No","","","","","","","","0.0000","0.0000","1","0","0","1","1.0000","1","0.0000","1","0","2013-10-23 08:05:41","","1","0","1","1","1","0.0000","1","0","0","1","1","Kiinde Starter Kit","1","simple","","","","","","","",""
"english","base","Default","simple","64,66","nf2-kiinde","0","Kiinde","","Disabled","No","Catalog, Search","Yes","None","No","","9個月以上","No","<p><b>20 Twist Pouches</b><br>
 Kiinde Twist Pouches™ combine the toughness and leak-proof guarantee of a bottle with the cost-effectiveness, compact size, and convenience of a disposable breastmilk storage bag.</p>

	<li>Pouches hold up to 150mL, and have an easy-to-see labeling surface.</li>
	<li>BPA, PVC, and pthalate-free.</li><br>
<br>

<p><b>2 Direct-Pump Adapters</b><br>
 Using the included Direct-Pump™ adapters, Twist Pouches™ twist-lock onto pumps from all major brands, for leak-free, transfer-free pumping, directly into the pouch.</p>
<br>

<p><b>Kiinde Keeper™</b><br>
 After pumping, store and organize Twist Pouches using the Kiinde Keeper™ breastmilk storage bag holder, which fits in all standard fridges and freezers./p&gt; </p>

	<li>Keeper allows you to quickly and easily organize your expressed breastmilk storage bags by date. Its universal design fits Kiinde Twist Pouches™, and breastmilk storage bags from all brands and sizes.</li><br>
<br>

<p><b>Kiinde Squeeze™ natural feeding bottle</b><br>
 Neatly and cleanly holds the breastmilk pouch for baby to drink. Just snap the pouch directly into the Squeeze natural feeding bottle, squeeze the air out of the pouch, and pop the Active-Latch™ nipple on top!</p>

	<li>Twist Pouches™ can completely eliminate gas from your baby’s meal, without complicated venting mechanisms.</li><br>
<br>

<p><b>Active Latch™ nipples</b><br>
 This kit includes two Slow Flow nipples. The nipples are designed to help infants transition from breast feeding to bottle feeding.</p>

<p>All items, except for pouches, are top rack dishwasher safe and steam sterilizer safe. All items are BPA-Free, Pthalate-free, and PVC-Free.</p>","<span style=""color: #c0504d;"">Pre-Order</span>&nbsp;ends 10/14.<br>
 ** Special offer only for pre-orders: Receive a FREE 20-pk Kiinde Pouch!! **<br>
 Delivery for week of 12/9<br>
 Never before sold in Taiwan! Be the first to own a <b>Kiinde Starter Kit</b>, currently in major stores across the USA!<br>
<hr> Pump, store, organize, and feed using the same pouch! The Kiinde Twist™ system completely eliminates the need to transfer precious milk from bottles to bags and back again!&nbsp;<br>
 Note, this kit does <b>not</b> include the Kiinde Warmer (it is included in the ""<b>Gift Set</b>""). Kiinde pouches can be warmed using any method that you normally use to warm your milk, including other Brands of bottle warmers.<br>
 Starter Kit contains:&nbsp;<br>

	<li>x20 <b>Breastmilk Pouches</b>™&nbsp;- our recyclable breastmilk pouches</li>
	<li>x2 <b>Direct-Pump Adapters</b>&nbsp;- connects pouches to Breast Pump machines from ALL major Brands.</li>
	<li>x1 <b>Keeper™</b>&nbsp;Storage Rack&nbsp;- neatly holds all your milk pouches in your refrigerator while taking up little space.</li>
	<li>x2 <b>Squeeze™ Bottles</b>&nbsp;- holds the pouch so baby can drink directly from pouch./li&gt; </li>
	<li>x2 <b>Active Latch™ Nipples with Cases</b>&nbsp;- nipples are slow flow for newborn babies. Medium flow can be purchased separately from Mamaky.</li>
	<li>x2 <b>Nipple cleaning brushes</b></li>
 Chinese manuals will be available for download.
<hr> About Kiinde<br>
 At Kiinde, we develop innovative and revolutionary products for parents. We've combined talents of world class MIT-trained engineers and product developers with a disciplined, customer-centric design philosophy - so we’re nerds with a healthy dose of tender loving care.<br>
 All Kiinde products are designed and tested in the United States, ensuring top notch safety and quality. The results are products that simplify, liberate, enable, accelerate, and delight.","","","Visit Kiinde's website for a detailed FAQ:&nbsp;<a href=""https://www.kiinde.com/gift_set_product.php"" target="""">Kiinde Starter Kit FAQ</a>&nbsp;","Twist Pouches™, Direct-Pump™ adapters, Keeper™, Squeeze™ natural feeding bottle, and Active Latch nipples™ are made of polyethylene (LDPE and HDPE), polypropylene, and silicone. All Twist products are BPA-free, PVC-free, and pthalate-free.","","","All except the pouches are top rack dishwasher safe and steam sterilizer safe.","660.0000","1.0000","","100.0000","1200.0000","Kiinde Starter Kit","/n/i/nipple-case_1_1.jpg","/n/i/nipple-case_1_1.jpg","/n/i/nipple-case_1_1.jpg","nf2-kiinde","nf2-kiinde.html","No layout updates","Block after Info Column","","","","China","Use config","Use config","中流速奶嘴+硬式奶嘴蓋*2","女","0%","","4.7","9","","","","","","No","","","","","","","","0.0000","0.0000","1","0","0","1","1.0000","1","0.0000","1","0","2013-10-23 08:00:42","","1","0","1","1","1","0.0000","1","0","0","1","1","Kiinde Starter Kit","1","simple","","","","","","","",""
"english","base","Default","simple","4,28,64,20,42","heighttubwhle-BJ","0","Baby's Journey","","Disabled","No","Catalog, Search","Yes","None","No","","2歲以下","No","<li>Converts any chair into a high chair</li>
<li>Ideal for restaurants and on the go</li>
<li>Unique design accommodates wide and tall chairs</li>
<li>Adjustable shoulder straps grow with baby</li>
<li>Easy to clean, machine washable</li>
","Restaurants, grandma’s house, and play dates… don’t go anywhere without your Baby Sitter! The portable pad securely straps baby to chair, quickly converting any chair into a high chair for meals on the go or even at home. Lightweight and easy to clean, this reliable BabySitter is truly a lifesaver.","","","<li><b>Q:</b>&nbsp;1.何時需要裝上底座套?</li>
<li><b>A:</b>&nbsp;底座套設計是為了墊高浴盆高度,以便父母為孩子洗澡時不會過度彎腰,造成不舒服.我們建議孩子不無法自行坐起前裝上底座套,若孩子年齡較大可以自行坐起,就可以移除底座套和浴床捲軸組合架。</li><br>

<li><b>Q:</b>&nbsp;2.要如何清潔沐浴床廉呢?</li>
<li><b>A:</b>&nbsp;我們建議您用溫水和肥皂輕輕沖洗表面,完全展開後晾乾即可,請勿在床廉未乾前就收回捲軸中喔!</li><br>

<li><b>Q:</b>&nbsp;3.請問寶寶可以用這個產品到多大?</li>
<li><b>A:</b>&nbsp;沐浴床最大承重量為11公斤,幼兒身長58.42公分。若是您的孩子已經超過這體重和身長標準，或是自己已經會獨立坐起，建議您可以拆掉浴床捲軸組合架，直接使用浴盆就可以了。</li><br>

<li><b>Q:</b>&nbsp;4.為什麼沐浴床無法完全拉伸開來?</li>
<li><b>A:</b>&nbsp;請多測試頂部支撐架兩旁的浴床捲軸。</li><br>

","<p>沐浴床廉:涤棉網布防水塑料塗層</p>
<p>沐浴床身:塑料</p>","<li>ALWAYS check security of fit to adult </li>
chair before each use and any limitations of the product. 
<li>Never leave child unattended.</li>
<li>The child should be secured in the product at all times by the restraining system.</li>
<li>ONLY use with children capable of sitting upright unassisted.</li>
<li>ONLY use as intended. DO NOT use in motor vehicles, or any other transportation devices.</li>
<li>NEVER allow child to stand up while using this product.</li>
<li>ALWAYS secure the product to the adult chair by correctly using the fastening straps, see instructions.</li>
<li>Adult chair must be level, stable and structurally sound with minimum seat surface dimensions of 16 inches and a minimum back rest of 18 inches.</li>
<li>ALWAYS inspect product for signs of wear and tear, discontinue use of product if damaged or broken.</li>
<li>This product is not a substitute for responsible adult supervision. ALWAYS use under adult supervision.</li>
","","沐浴床清潔，只用溫水和肥皂將沐浴床廉部分沖洗，透風晾乾即可。","","0.4000","","100.0000","","Baby Sitter™","/p/e/perfect-height-tub---whale-_-octopus-2.jpg","/p/e/perfect-height-tub---whale-_-octopus-2.jpg","/p/e/perfect-height-tub---whale-_-octopus-2.jpg","heighttubwhle-bj","heighttubwhle-bj.html","No layout updates","Block after Info Column","","","","China","Use config","Use config","16”L x 12.5”W x 15”H","女 , 男","0%","","","","","","","","","No","","","2013-10-23 00:00:00","2014-02-28 00:00:00","","","","0.0000","0.0000","1","0","0","1","1.0000","1","0.0000","1","0","2013-10-28 08:13:08","","1","0","1","1","1","0.0000","1","0","0","1","1","Baby Sitter™","1","simple","","","","","","","",""
"english","base","Default","simple","64,66","nm2-kiinde","0","Kiinde","","Disabled","No","Catalog, Search","Yes","None","No","","6個月以上","No","<p><b>20 Twist Pouches</b><br>
 Kiinde Twist Pouches™ combine the toughness and leak-proof guarantee of a bottle with the cost-effectiveness, compact size, and convenience of a disposable breastmilk storage bag.</p>

	<li>Pouches hold up to 150mL, and have an easy-to-see labeling surface.</li>
	<li>BPA, PVC, and pthalate-free.</li><br>
<br>

<p><b>2 Direct-Pump Adapters</b><br>
 Using the included Direct-Pump™ adapters, Twist Pouches™ twist-lock onto pumps from all major brands, for leak-free, transfer-free pumping, directly into the pouch.</p>
<br>

<p><b>Kiinde Keeper™</b><br>
 After pumping, store and organize Twist Pouches using the Kiinde Keeper™ breastmilk storage bag holder, which fits in all standard fridges and freezers./p&gt; </p>

	<li>Keeper allows you to quickly and easily organize your expressed breastmilk storage bags by date. Its universal design fits Kiinde Twist Pouches™, and breastmilk storage bags from all brands and sizes.</li><br>
<br>

<p><b>Kiinde Squeeze™ natural feeding bottle</b><br>
 Neatly and cleanly holds the breastmilk pouch for baby to drink. Just snap the pouch directly into the Squeeze natural feeding bottle, squeeze the air out of the pouch, and pop the Active-Latch™ nipple on top!</p>

	<li>Twist Pouches™ can completely eliminate gas from your baby’s meal, without complicated venting mechanisms.</li><br>
<br>

<p><b>Active Latch™ nipples</b><br>
 This kit includes two Slow Flow nipples. The nipples are designed to help infants transition from breast feeding to bottle feeding.</p>

<p>All items, except for pouches, are top rack dishwasher safe and steam sterilizer safe. All items are BPA-Free, Pthalate-free, and PVC-Free.</p>","<span style=""color: #c0504d;"">Pre-Order</span>&nbsp;ends 10/14.<br>
 ** Special offer only for pre-orders: Receive a FREE 20-pk Kiinde Pouch!! **<br>
 Delivery for week of 12/9<br>
 Never before sold in Taiwan! Be the first to own a <b>Kiinde Starter Kit</b>, currently in major stores across the USA!<br>
<hr> Pump, store, organize, and feed using the same pouch! The Kiinde Twist™ system completely eliminates the need to transfer precious milk from bottles to bags and back again!&nbsp;<br>
 Note, this kit does <b>not</b> include the Kiinde Warmer (it is included in the ""<b>Gift Set</b>""). Kiinde pouches can be warmed using any method that you normally use to warm your milk, including other Brands of bottle warmers.<br>
 Starter Kit contains:&nbsp;<br>

	<li>x20 <b>Breastmilk Pouches</b>™&nbsp;- our recyclable breastmilk pouches</li>
	<li>x2 <b>Direct-Pump Adapters</b>&nbsp;- connects pouches to Breast Pump machines from ALL major Brands.</li>
	<li>x1 <b>Keeper™</b>&nbsp;Storage Rack&nbsp;- neatly holds all your milk pouches in your refrigerator while taking up little space.</li>
	<li>x2 <b>Squeeze™ Bottles</b>&nbsp;- holds the pouch so baby can drink directly from pouch./li&gt; </li>
	<li>x2 <b>Active Latch™ Nipples with Cases</b>&nbsp;- nipples are slow flow for newborn babies. Medium flow can be purchased separately from Mamaky.</li>
	<li>x2 <b>Nipple cleaning brushes</b></li>
 Chinese manuals will be available for download.
<hr> About Kiinde<br>
 At Kiinde, we develop innovative and revolutionary products for parents. We've combined talents of world class MIT-trained engineers and product developers with a disciplined, customer-centric design philosophy - so we’re nerds with a healthy dose of tender loving care.<br>
 All Kiinde products are designed and tested in the United States, ensuring top notch safety and quality. The results are products that simplify, liberate, enable, accelerate, and delight.","","","Visit Kiinde's website for a detailed FAQ:&nbsp;<a href=""https://www.kiinde.com/gift_set_product.php"" target="""">Kiinde Starter Kit FAQ</a>&nbsp;","Twist Pouches™, Direct-Pump™ adapters, Keeper™, Squeeze™ natural feeding bottle, and Active Latch nipples™ are made of polyethylene (LDPE and HDPE), polypropylene, and silicone. All Twist products are BPA-free, PVC-free, and pthalate-free.","","","All except the pouches are top rack dishwasher safe and steam sterilizer safe.","660.0000","1.0000","","100.0000","1200.0000","Kiinde Starter Kit","/n/i/nipple-case_1.jpg","/n/i/nipple-case_1.jpg","/n/i/nipple-case_1.jpg","nm2-kiinde","nm2-kiinde.html","No layout updates","Block after Info Column","","","","China","Use config","Use config","中流速奶嘴+硬式奶嘴蓋*2","女","0%","","4.7","9","","","","","","No","","","","","","","","0.0000","0.0000","1","0","0","1","1.0000","1","0.0000","1","0","2013-10-23 07:59:02","","1","0","1","1","1","0.0000","1","0","0","1","1","Kiinde Starter Kit","1","simple","","","","","","","",""
"english","base","Default","simple","4,20,28,42","heighttubfish-BJ","0","Baby's Journey","","Disabled","No","Catalog, Search","Yes","None","No","","2歲以下","No","<li>Converts any chair into a high chair</li>
<li>Ideal for restaurants and on the go</li>
<li>Unique design accommodates wide and tall chairs</li>
<li>Adjustable shoulder straps grow with baby</li>
<li>Easy to clean, machine washable</li>
","Restaurants, grandma’s house, and play dates… don’t go anywhere without your Baby Sitter! The portable pad securely straps baby to chair, quickly converting any chair into a high chair for meals on the go or even at home. Lightweight and easy to clean, this reliable BabySitter is truly a lifesaver.","","","<li><b>Q:</b>&nbsp;1.何時需要裝上底座套?</li>
<li><b>A:</b>&nbsp;底座套設計是為了墊高浴盆高度,以便父母為孩子洗澡時不會過度彎腰,造成不舒服.我們建議孩子不無法自行坐起前裝上底座套,若孩子年齡較大可以自行坐起,就可以移除底座套和浴床捲軸組合架。</li><br>

<li><b>Q:</b>&nbsp;2.要如何清潔沐浴床廉呢?</li>
<li><b>A:</b>&nbsp;我們建議您用溫水和肥皂輕輕沖洗表面,完全展開後晾乾即可,請勿在床廉未乾前就收回捲軸中喔!</li><br>

<li><b>Q:</b>&nbsp;3.請問寶寶可以用這個產品到多大?</li>
<li><b>A:</b>&nbsp;沐浴床簾最大承重量為11公斤,幼兒身長58.42公分。若是您的孩子已經超過這體重和身長標準，或是自己已經會獨立坐起，建議您可以拆掉浴床捲軸組合架，直接使用浴盆就可以了。</li><br>

<li><b>Q:</b>&nbsp;4.為什麼沐浴床無法完全拉伸開來?</li>
<li><b>A:</b>&nbsp;請多測試頂部支撐架兩旁的浴床捲軸。</li><br>

","<p>沐浴床廉：涤棉網布防水塑料塗層</p>
<p>沐浴床身：塑料</p>","<li>ALWAYS check security of fit to adult </li>
chair before each use and any limitations of the product. 
<li>Never leave child unattended.</li>
<li>The child should be secured in the product at all times by the restraining system.</li>
<li>ONLY use with children capable of sitting upright unassisted.</li>
<li>ONLY use as intended. DO NOT use in motor vehicles, or any other transportation devices.</li>
<li>NEVER allow child to stand up while using this product.</li>
<li>ALWAYS secure the product to the adult chair by correctly using the fastening straps, see instructions.</li>
<li>Adult chair must be level, stable and structurally sound with minimum seat surface dimensions of 16 inches and a minimum back rest of 18 inches.</li>
<li>ALWAYS inspect product for signs of wear and tear, discontinue use of product if damaged or broken.</li>
<li>This product is not a substitute for responsible adult supervision. ALWAYS use under adult supervision.</li>
","","沐浴床清潔，只用溫水和肥皂將沐浴床廉部分沖洗，透風晾乾即可。","","0.4000","","100.0000","","Baby Sitter™","/p/e/perfect-height-tub---go-fish-3.jpg","/p/e/perfect-height-tub---go-fish-3.jpg","/p/e/perfect-height-tub---go-fish-3.jpg","heighttubfish-bj","heighttubfish-bj.html","No layout updates","Block after Info Column","","","","China","Use config","Use config","16”L x 12.5”W x 15”H","女 , 男","0%","","","","","","","","","No","","","2013-10-23 00:00:00","2014-02-28 00:00:00","","","","0.0000","0.0000","1","0","0","1","1.0000","1","0.0000","1","0","2013-10-28 08:14:06","","1","0","1","1","1","0.0000","1","0","0","1","1","Baby Sitter™","1","simple","","","","","","","",""
"english","base","Default","simple","64,66","ns2-kiinde","0","Kiinde","","Disabled","No","Catalog, Search","Yes","None","No","","新生到6個月","No","<p><b>20 Twist Pouches</b><br>
 Kiinde Twist Pouches™ combine the toughness and leak-proof guarantee of a bottle with the cost-effectiveness, compact size, and convenience of a disposable breastmilk storage bag.</p>

	<li>Pouches hold up to 150mL, and have an easy-to-see labeling surface.</li>
	<li>BPA, PVC, and pthalate-free.</li><br>
<br>

<p><b>2 Direct-Pump Adapters</b><br>
 Using the included Direct-Pump™ adapters, Twist Pouches™ twist-lock onto pumps from all major brands, for leak-free, transfer-free pumping, directly into the pouch.</p>
<br>

<p><b>Kiinde Keeper™</b><br>
 After pumping, store and organize Twist Pouches using the Kiinde Keeper™ breastmilk storage bag holder, which fits in all standard fridges and freezers./p&gt; </p>

	<li>Keeper allows you to quickly and easily organize your expressed breastmilk storage bags by date. Its universal design fits Kiinde Twist Pouches™, and breastmilk storage bags from all brands and sizes.</li><br>
<br>

<p><b>Kiinde Squeeze™ natural feeding bottle</b><br>
 Neatly and cleanly holds the breastmilk pouch for baby to drink. Just snap the pouch directly into the Squeeze natural feeding bottle, squeeze the air out of the pouch, and pop the Active-Latch™ nipple on top!</p>

	<li>Twist Pouches™ can completely eliminate gas from your baby’s meal, without complicated venting mechanisms.</li><br>
<br>

<p><b>Active Latch™ nipples</b><br>
 This kit includes two Slow Flow nipples. The nipples are designed to help infants transition from breast feeding to bottle feeding.</p>

<p>All items, except for pouches, are top rack dishwasher safe and steam sterilizer safe. All items are BPA-Free, Pthalate-free, and PVC-Free.</p>","<span style=""color: #c0504d;"">Pre-Order</span>&nbsp;ends 10/14.<br>
 ** Special offer only for pre-orders: Receive a FREE 20-pk Kiinde Pouch!! **<br>
 Delivery for week of 12/9<br>
 Never before sold in Taiwan! Be the first to own a <b>Kiinde Starter Kit</b>, currently in major stores across the USA!<br>
<hr> Pump, store, organize, and feed using the same pouch! The Kiinde Twist™ system completely eliminates the need to transfer precious milk from bottles to bags and back again!&nbsp;<br>
 Note, this kit does <b>not</b> include the Kiinde Warmer (it is included in the ""<b>Gift Set</b>""). Kiinde pouches can be warmed using any method that you normally use to warm your milk, including other Brands of bottle warmers.<br>
 Starter Kit contains:&nbsp;<br>

	<li>x20 <b>Breastmilk Pouches</b>™&nbsp;- our recyclable breastmilk pouches</li>
	<li>x2 <b>Direct-Pump Adapters</b>&nbsp;- connects pouches to Breast Pump machines from ALL major Brands.</li>
	<li>x1 <b>Keeper™</b>&nbsp;Storage Rack&nbsp;- neatly holds all your milk pouches in your refrigerator while taking up little space.</li>
	<li>x2 <b>Squeeze™ Bottles</b>&nbsp;- holds the pouch so baby can drink directly from pouch./li&gt; </li>
	<li>x2 <b>Active Latch™ Nipples with Cases</b>&nbsp;- nipples are slow flow for newborn babies. Medium flow can be purchased separately from Mamaky.</li>
	<li>x2 <b>Nipple cleaning brushes</b></li>
 Chinese manuals will be available for download.
<hr> About Kiinde<br>
 At Kiinde, we develop innovative and revolutionary products for parents. We've combined talents of world class MIT-trained engineers and product developers with a disciplined, customer-centric design philosophy - so we’re nerds with a healthy dose of tender loving care.<br>
 All Kiinde products are designed and tested in the United States, ensuring top notch safety and quality. The results are products that simplify, liberate, enable, accelerate, and delight.","","","Visit Kiinde's website for a detailed FAQ:&nbsp;<a href=""https://www.kiinde.com/gift_set_product.php"" target="""">Kiinde Starter Kit FAQ</a>&nbsp;","Twist Pouches™, Direct-Pump™ adapters, Keeper™, Squeeze™ natural feeding bottle, and Active Latch nipples™ are made of polyethylene (LDPE and HDPE), polypropylene, and silicone. All Twist products are BPA-free, PVC-free, and pthalate-free.","","","All except the pouches are top rack dishwasher safe and steam sterilizer safe.","660.0000","1.0000","","100.0000","1200.0000","Kiinde Starter Kit","/n/i/nipple-case.jpg","/n/i/nipple-case.jpg","/n/i/nipple-case.jpg","ns2-kiinde","ns2-kiinde.html","No layout updates","Block after Info Column","","","","China","Use config","Use config","低流速奶嘴+硬式奶嘴蓋*2","女","0%","","4.7","9","","","","","","No","","","","","","","","0.0000","0.0000","1","0","0","1","1.0000","1","0.0000","1","0","2013-10-23 07:56:01","","1","0","1","1","1","0.0000","1","0","0","1","1","Kiinde Starter Kit","1","simple","","","","","","","",""
"english","base","Default","simple","64,66","warmer-kiinde","0","Kiinde","","Disabled","No","Catalog, Search","Yes","None","No","","","No","<p><b>20 Twist Pouches</b><br>
 Kiinde Twist Pouches™ combine the toughness and leak-proof guarantee of a bottle with the cost-effectiveness, compact size, and convenience of a disposable breastmilk storage bag.</p>

	<li>Pouches hold up to 150mL, and have an easy-to-see labeling surface.</li>
	<li>BPA, PVC, and pthalate-free.</li><br>
<br>

<p><b>2 Direct-Pump Adapters</b><br>
 Using the included Direct-Pump™ adapters, Twist Pouches™ twist-lock onto pumps from all major brands, for leak-free, transfer-free pumping, directly into the pouch.</p>
<br>

<p><b>Kiinde Keeper™</b><br>
 After pumping, store and organize Twist Pouches using the Kiinde Keeper™ breastmilk storage bag holder, which fits in all standard fridges and freezers./p&gt; </p>

	<li>Keeper allows you to quickly and easily organize your expressed breastmilk storage bags by date. Its universal design fits Kiinde Twist Pouches™, and breastmilk storage bags from all brands and sizes.</li><br>
<br>

<p><b>Kiinde Squeeze™ natural feeding bottle</b><br>
 Neatly and cleanly holds the breastmilk pouch for baby to drink. Just snap the pouch directly into the Squeeze natural feeding bottle, squeeze the air out of the pouch, and pop the Active-Latch™ nipple on top!</p>

	<li>Twist Pouches™ can completely eliminate gas from your baby’s meal, without complicated venting mechanisms.</li><br>
<br>

<p><b>Active Latch™ nipples</b><br>
 This kit includes two Slow Flow nipples. The nipples are designed to help infants transition from breast feeding to bottle feeding.</p>

<p>All items, except for pouches, are top rack dishwasher safe and steam sterilizer safe. All items are BPA-Free, Pthalate-free, and PVC-Free.</p>","<span style=""color: #c0504d;"">Pre-Order</span>&nbsp;ends 10/14.<br>
 ** Special offer only for pre-orders: Receive a FREE 20-pk Kiinde Pouch!! **<br>
 Delivery for week of 12/9<br>
 Never before sold in Taiwan! Be the first to own a <b>Kiinde Starter Kit</b>, currently in major stores across the USA!<br>
<hr> Pump, store, organize, and feed using the same pouch! The Kiinde Twist™ system completely eliminates the need to transfer precious milk from bottles to bags and back again!&nbsp;<br>
 Note, this kit does <b>not</b> include the Kiinde Warmer (it is included in the ""<b>Gift Set</b>""). Kiinde pouches can be warmed using any method that you normally use to warm your milk, including other Brands of bottle warmers.<br>
 Starter Kit contains:&nbsp;<br>

	<li>x20 <b>Breastmilk Pouches</b>™&nbsp;- our recyclable breastmilk pouches</li>
	<li>x2 <b>Direct-Pump Adapters</b>&nbsp;- connects pouches to Breast Pump machines from ALL major Brands.</li>
	<li>x1 <b>Keeper™</b>&nbsp;Storage Rack&nbsp;- neatly holds all your milk pouches in your refrigerator while taking up little space.</li>
	<li>x2 <b>Squeeze™ Bottles</b>&nbsp;- holds the pouch so baby can drink directly from pouch./li&gt; </li>
	<li>x2 <b>Active Latch™ Nipples with Cases</b>&nbsp;- nipples are slow flow for newborn babies. Medium flow can be purchased separately from Mamaky.</li>
	<li>x2 <b>Nipple cleaning brushes</b></li>
 Chinese manuals will be available for download.
<hr> About Kiinde<br>
 At Kiinde, we develop innovative and revolutionary products for parents. We've combined talents of world class MIT-trained engineers and product developers with a disciplined, customer-centric design philosophy - so we’re nerds with a healthy dose of tender loving care.<br>
 All Kiinde products are designed and tested in the United States, ensuring top notch safety and quality. The results are products that simplify, liberate, enable, accelerate, and delight.","","","Visit Kiinde's website for a detailed FAQ:&nbsp;<a href=""https://www.kiinde.com/gift_set_product.php"" target="""">Kiinde Starter Kit FAQ</a>&nbsp;","Twist Pouches™, Direct-Pump™ adapters, Keeper™, Squeeze™ natural feeding bottle, and Active Latch nipples™ are made of polyethylene (LDPE and HDPE), polypropylene, and silicone. All Twist products are BPA-free, PVC-free, and pthalate-free.","","","All except the pouches are top rack dishwasher safe and steam sterilizer safe.","660.0000","1.0000","","100.0000","1200.0000","Kiinde Starter Kit","/k/o/kozii.jpg","/k/o/kozii.jpg","/k/o/kozii.jpg","warmer-kiinde","warmer-kiinde.html","No layout updates","Block after Info Column","","","","China","Use config","Use config","","女","0%","","4.7","9","","","","","","No","","","","","","","","0.0000","0.0000","1","0","0","1","1.0000","1","0.0000","1","0","2013-10-29 21:47:10","","1","0","1","1","1","0.0000","1","0","0","1","1","Kiinde Starter Kit","1","simple","","","","","","","",""
"english","base","Default","simple","64,66","holder-kiinde","0","Kiinde","","Disabled","No","Catalog, Search","Yes","None","No","","","No","<p><b>20 Twist Pouches</b><br>
 Kiinde Twist Pouches™ combine the toughness and leak-proof guarantee of a bottle with the cost-effectiveness, compact size, and convenience of a disposable breastmilk storage bag.</p>

	<li>Pouches hold up to 150mL, and have an easy-to-see labeling surface.</li>
	<li>BPA, PVC, and pthalate-free.</li><br>
<br>

<p><b>2 Direct-Pump Adapters</b><br>
 Using the included Direct-Pump™ adapters, Twist Pouches™ twist-lock onto pumps from all major brands, for leak-free, transfer-free pumping, directly into the pouch.</p>
<br>

<p><b>Kiinde Keeper™</b><br>
 After pumping, store and organize Twist Pouches using the Kiinde Keeper™ breastmilk storage bag holder, which fits in all standard fridges and freezers./p&gt; </p>

	<li>Keeper allows you to quickly and easily organize your expressed breastmilk storage bags by date. Its universal design fits Kiinde Twist Pouches™, and breastmilk storage bags from all brands and sizes.</li><br>
<br>

<p><b>Kiinde Squeeze™ natural feeding bottle</b><br>
 Neatly and cleanly holds the breastmilk pouch for baby to drink. Just snap the pouch directly into the Squeeze natural feeding bottle, squeeze the air out of the pouch, and pop the Active-Latch™ nipple on top!</p>

	<li>Twist Pouches™ can completely eliminate gas from your baby’s meal, without complicated venting mechanisms.</li><br>
<br>

<p><b>Active Latch™ nipples</b><br>
 This kit includes two Slow Flow nipples. The nipples are designed to help infants transition from breast feeding to bottle feeding.</p>

<p>All items, except for pouches, are top rack dishwasher safe and steam sterilizer safe. All items are BPA-Free, Pthalate-free, and PVC-Free.</p>","<span style=""color: #c0504d;"">Pre-Order</span>&nbsp;ends 10/14.<br>
 ** Special offer only for pre-orders: Receive a FREE 20-pk Kiinde Pouch!! **<br>
 Delivery for week of 12/9<br>
 Never before sold in Taiwan! Be the first to own a <b>Kiinde Starter Kit</b>, currently in major stores across the USA!<br>
<hr> Pump, store, organize, and feed using the same pouch! The Kiinde Twist™ system completely eliminates the need to transfer precious milk from bottles to bags and back again!&nbsp;<br>
 Note, this kit does <b>not</b> include the Kiinde Warmer (it is included in the ""<b>Gift Set</b>""). Kiinde pouches can be warmed using any method that you normally use to warm your milk, including other Brands of bottle warmers.<br>
 Starter Kit contains:&nbsp;<br>

	<li>x20 <b>Breastmilk Pouches</b>™&nbsp;- our recyclable breastmilk pouches</li>
	<li>x2 <b>Direct-Pump Adapters</b>&nbsp;- connects pouches to Breast Pump machines from ALL major Brands.</li>
	<li>x1 <b>Keeper™</b>&nbsp;Storage Rack&nbsp;- neatly holds all your milk pouches in your refrigerator while taking up little space.</li>
	<li>x2 <b>Squeeze™ Bottles</b>&nbsp;- holds the pouch so baby can drink directly from pouch./li&gt; </li>
	<li>x2 <b>Active Latch™ Nipples with Cases</b>&nbsp;- nipples are slow flow for newborn babies. Medium flow can be purchased separately from Mamaky.</li>
	<li>x2 <b>Nipple cleaning brushes</b></li>
 Chinese manuals will be available for download.
<hr> About Kiinde<br>
 At Kiinde, we develop innovative and revolutionary products for parents. We've combined talents of world class MIT-trained engineers and product developers with a disciplined, customer-centric design philosophy - so we’re nerds with a healthy dose of tender loving care.<br>
 All Kiinde products are designed and tested in the United States, ensuring top notch safety and quality. The results are products that simplify, liberate, enable, accelerate, and delight.","","","Visit Kiinde's website for a detailed FAQ:&nbsp;<a href=""https://www.kiinde.com/gift_set_product.php"" target="""">Kiinde Starter Kit FAQ</a>&nbsp;","Twist Pouches™, Direct-Pump™ adapters, Keeper™, Squeeze™ natural feeding bottle, and Active Latch nipples™ are made of polyethylene (LDPE and HDPE), polypropylene, and silicone. All Twist products are BPA-free, PVC-free, and pthalate-free.","","","All except the pouches are top rack dishwasher safe and steam sterilizer safe.","660.0000","1.0000","","100.0000","1200.0000","Kiinde Starter Kit","/k/e/keeper_4.jpg","/k/e/keeper_4.jpg","/k/e/keeper_4.jpg","holder-kiinde","holder-kiinde.html","No layout updates","Block after Info Column","","","","China","Use config","Use config","高21cm x寬21cm x 深15.2cm","女","0%","","4.7","9","","","","","","No","","","","","","","","0.0000","0.0000","1","0","0","1","1.0000","1","0.0000","1","0","2013-10-17 21:27:30","","1","0","1","1","1","0.0000","1","0","0","1","1","Kiinde Starter Kit","1","simple","","","","","","","",""
"english","base","Default","simple","64,66","adapter-kiinde","0","Kiinde","","Disabled","No","Catalog, Search","Yes","None","No","","","No","<p><b>20 Twist Pouches</b><br>
 Kiinde Twist Pouches™ combine the toughness and leak-proof guarantee of a bottle with the cost-effectiveness, compact size, and convenience of a disposable breastmilk storage bag.</p>

	<li>Pouches hold up to 150mL, and have an easy-to-see labeling surface.</li>
	<li>BPA, PVC, and pthalate-free.</li><br>
<br>

<p><b>2 Direct-Pump Adapters</b><br>
 Using the included Direct-Pump™ adapters, Twist Pouches™ twist-lock onto pumps from all major brands, for leak-free, transfer-free pumping, directly into the pouch.</p>
<br>

<p><b>Kiinde Keeper™</b><br>
 After pumping, store and organize Twist Pouches using the Kiinde Keeper™ breastmilk storage bag holder, which fits in all standard fridges and freezers./p&gt; </p>

	<li>Keeper allows you to quickly and easily organize your expressed breastmilk storage bags by date. Its universal design fits Kiinde Twist Pouches™, and breastmilk storage bags from all brands and sizes.</li><br>
<br>

<p><b>Kiinde Squeeze™ natural feeding bottle</b><br>
 Neatly and cleanly holds the breastmilk pouch for baby to drink. Just snap the pouch directly into the Squeeze natural feeding bottle, squeeze the air out of the pouch, and pop the Active-Latch™ nipple on top!</p>

	<li>Twist Pouches™ can completely eliminate gas from your baby’s meal, without complicated venting mechanisms.</li><br>
<br>

<p><b>Active Latch™ nipples</b><br>
 This kit includes two Slow Flow nipples. The nipples are designed to help infants transition from breast feeding to bottle feeding.</p>

<p>All items, except for pouches, are top rack dishwasher safe and steam sterilizer safe. All items are BPA-Free, Pthalate-free, and PVC-Free.</p>","<span style=""color: #c0504d;"">Pre-Order</span>&nbsp;ends 10/14.<br>
 ** Special offer only for pre-orders: Receive a FREE 20-pk Kiinde Pouch!! **<br>
 Delivery for week of 12/9<br>
 Never before sold in Taiwan! Be the first to own a <b>Kiinde Starter Kit</b>, currently in major stores across the USA!<br>
<hr> Pump, store, organize, and feed using the same pouch! The Kiinde Twist™ system completely eliminates the need to transfer precious milk from bottles to bags and back again!&nbsp;<br>
 Note, this kit does <b>not</b> include the Kiinde Warmer (it is included in the ""<b>Gift Set</b>""). Kiinde pouches can be warmed using any method that you normally use to warm your milk, including other Brands of bottle warmers.<br>
 Starter Kit contains:&nbsp;<br>

	<li>x20 <b>Breastmilk Pouches</b>™&nbsp;- our recyclable breastmilk pouches</li>
	<li>x2 <b>Direct-Pump Adapters</b>&nbsp;- connects pouches to Breast Pump machines from ALL major Brands.</li>
	<li>x1 <b>Keeper™</b>&nbsp;Storage Rack&nbsp;- neatly holds all your milk pouches in your refrigerator while taking up little space.</li>
	<li>x2 <b>Squeeze™ Bottles</b>&nbsp;- holds the pouch so baby can drink directly from pouch./li&gt; </li>
	<li>x2 <b>Active Latch™ Nipples with Cases</b>&nbsp;- nipples are slow flow for newborn babies. Medium flow can be purchased separately from Mamaky.</li>
	<li>x2 <b>Nipple cleaning brushes</b></li>
 Chinese manuals will be available for download.
<hr> About Kiinde<br>
 At Kiinde, we develop innovative and revolutionary products for parents. We've combined talents of world class MIT-trained engineers and product developers with a disciplined, customer-centric design philosophy - so we’re nerds with a healthy dose of tender loving care.<br>
 All Kiinde products are designed and tested in the United States, ensuring top notch safety and quality. The results are products that simplify, liberate, enable, accelerate, and delight.","","","Visit Kiinde's website for a detailed FAQ:&nbsp;<a href=""https://www.kiinde.com/gift_set_product.php"" target="""">Kiinde Starter Kit FAQ</a>&nbsp;","Twist Pouches™, Direct-Pump™ adapters, Keeper™, Squeeze™ natural feeding bottle, and Active Latch nipples™ are made of polyethylene (LDPE and HDPE), polypropylene, and silicone. All Twist products are BPA-free, PVC-free, and pthalate-free.","","","All except the pouches are top rack dishwasher safe and steam sterilizer safe.","660.0000","1.0000","","100.0000","1200.0000","Kiinde Starter Kit","/d/i/direct-pump-render-_adapters_.jpg","/d/i/direct-pump-render-_adapters_.jpg","/d/i/direct-pump-render-_adapters_.jpg","adapter-kiinde","adapter-kiinde.html","No layout updates","Block after Info Column","","","","China","Use config","Use config","","女","0%","","4.7","9","","","","","","No","","","","","","","","0.0000","0.0000","1","0","0","1","1.0000","1","0.0000","1","0","2013-10-17 21:27:30","","1","0","1","1","1","0.0000","1","0","0","1","1","Kiinde Starter Kit","1","simple","","","","","","","",""
"english","base","Default","simple","63,68","RB-FP-8-PLUIE","0","Pluie Pluie","","Disabled","No","Catalog, Search","Yes","None","No","","","No","","These rain boots for girls by Pluie Pluie come in a classy floral print - great for going out and for wearing to school! The rain boots come with pull on handles for easy taking on and off. ","","","","","","","","","1.0000","1467.0000","950.0000","978.0000","Rain Boots Floral Print, Size 6","/p/l/pluiepluie-boots_floralprint01_1200x1200_1_1_1.jpg","/p/l/pluiepluie-boots_floralprint01_1200x1200_1_1_1.jpg","/p/l/pluiepluie-boots_floralprint01_1200x1200_1_1_1.jpg","pluie-pluie-floral-print-rain-boot-size8","pluie-pluie-floral-print-rain-boot-size8.html","No layout updates","Block after Info Column","","","","China","Use config","Use config","雨鞋內墊約16.5cm","女","5.0%","","1","5","","","","","","No","2013-08-18 00:00:00","","","","","","","5.0000","0.0000","1","0","0","1","1.0000","1","0.0000","1","1","","","1","0","1","0","1","0.0000","1","0","0","0","1","Rain Boots Floral Print, Size 6","1","simple","","","","","","","",""
"english","base","Default","simple","11,63,56,68","RB-FP-10-PLUIE","0","Pluie Pluie","","Disabled","No","Catalog, Search","Yes","None","No","","","No","","These rain boots for girls by Pluie Pluie come in a classy floral print - great for going out and for wearing to school! The rain boots come with pull on handles for easy taking on and off. ","","","","","","","","","1.0000","1467.0000","950.0000","978.0000","Rain Boots Floral Print, Size 6","/p/l/pluiepluie-boots_floralprint04_1200x1200_1_1.jpg","/p/l/pluiepluie-boots_floralprint04_1200x1200_1_1.jpg","/p/l/pluiepluie-boots_floralprint04_1200x1200_1_1.jpg","pluie-pluie-floral-print-rain-boot-size-10","pluie-pluie-floral-print-rain-boot-size-10.html","No layout updates","Block after Info Column","","","","China","Use config","Use config","雨鞋內墊約18.5cm","女","5.0%","","","","","","","","","No","2013-08-18 00:00:00","","","","","","","4.0000","0.0000","1","0","0","1","1.0000","1","0.0000","1","1","","","1","0","1","0","1","0.0000","1","0","0","0","1","Rain Boots Floral Print, Size 6","1","simple","","","","","","","",""
"english","base","Default","bundle","14,23,38,8,57,72","mbb1008+mbn002-mixie","1","Mixie Baby","","Disabled","","Catalog, Search","Yes","None","No","","3個月以上","No","<li>8oz baby bottle has a 4 scoop formula capacity</li>
<li>Allows you to prepare babyﾒs bottle ahead of time</li>
<li>Makes bottle feeding easy</li>
<li>To use: Place formula in compartment and water in bottle, then push the button and shake well to mix</li>
<li>Patented, airtight compartment</li>
<li>Compartment lid is free-floating agitator that mixes formula and prevents clumps</li>
<li>Vented nipples minimize colic</li>
<li>Dishwasher- and microwave-safe</li>
<li>BPA-, phthalate- and PVC-free</li>
<li>100% silicone nipple</li>
<li>Polypropylene bottle</li>","A baby bottle that can be prepared now and mixed later? Yes, and Mixie is her name. This smart, formula-mixing baby bottle with its patented, air-tight design will not leak. Put formula in the little compartment, water in the bottle and when the babyﾒs ready, push the button to release powder, shake and blend. Simple. Available in 8-and 4-oz. sizes.","","","","<li>BPA-, phthalate- and PVC-free</li>
	<li>100% silicone nipple</li>
<li>Polypropylene bottle</li>","","","Dishwasher- and microwave-safe
","371.0000","","","990.0000","734.0000","Mixie Baby 8oz (240cc) Bottle + Nipple Pack","/m/i/mixie.combo_8oz_stage2_1200x1200.jpg","/m/i/mixie.combo_8oz_stage2_1200x1200.jpg","/m/i/mixie.combo_8oz_stage2_1200x1200.jpg","mixie-baby-240cc-bottle-and-stage-2-nipple-pack","mixie-baby-240cc-bottle-and-stage-2-nipple-pack.html","No layout updates","Block after Info Column","Mixie Baby 3合1聰明奶瓶/奶嘴組合8oz (240 cc)","Mixie Baby 3合1聰明奶瓶/奶嘴組合8oz (240 cc)","Mixie Baby 3合1聰明奶瓶/奶嘴組合8oz (240 cc)","China","No","Use config","","女 , 男","5%","","","","","","","","","No","","","","","","","","0.0000","0.0000","1","0","0","1","1.0000","1","0.0000","1","1","","","1","0","1","0","1","0.0000","1","0","0","0","1","Mixie Baby 8oz (240cc) Bottle + Nipple Pack","1","bundle","","","","0","0","1","Price Range","0"
"english","base","Default","configurable","11,38","SSFOX1ZNAT-CLK","1","Colette Kids","","Disabled","","Catalog, Search","Yes","None","No","","","No","","<p>.</p>","","","","","","","","421.0000","","","933.0000","720.0000","認證有機/小狐狸包臀衣","","","","",".html","No layout updates","Block after Info Column","","","","United States","Use config","Use config","","女 , 男","12%","","","","","","","","","No","","","","","","","","0.0000","0.0000","1","0","0","1","1.0000","1","0.0000","1","1","","","1","0","1","0","1","0.0000","1","0","0","0","1","認證有機/小狐狸包臀衣","1","configurable","","","","","","","",""
"english","base","Default","bundle","14,8,38,54,42,57","mbb1004+mbn001-mixie","1","Mixie Baby","","Disabled","","Catalog, Search","Yes","None","No","","新生到4個月","No","<li>Conveniently allows you to prepare baby's bottle ahead of time</li>
<li>Makes bottle feeding easy</li>
<li>To use: Place formula in compartment and water in bottle, then push the button and shake well to mix</li>
<li>Patented, airtight compartment</li>
<li>Compartment lid is free-floating agitator that mixes formula and prevents clumps</li>
<li>Vented nipples minimize colic</li>","The unique Mixie Baby Bottle conveniently allows you to prepare baby's bottle ahead of time. The patented compartment of the Mixie Baby Bottle features an airtight design so you won't worry about any messy surprises. Using the Mixie Baby Bottle is easy: Put formula in the compartment and place water in the bottle. When you're ready to feed baby, simply push the button on the bottom of the Mixie Baby Bottle to release the formula into the water and shake the bottle to mix well.","","","<p><br></p>","<li>BPA-, phthalate- and PVC-free</li>
<li>100% silicone nipple</li>
<li>Polypropylene bottle</li>","","","<li>Dishwasher- and microwave-safe</li>","396.0000","","","850.0000","","Mixie Baby 4oz Bottle + Nipple Pack","/m/i/mixie.combo_4oz_stage1_1200x1200.jpg","/m/i/mixie.combo_4oz_stage1_1200x1200.jpg","/m/i/mixie.combo_4oz_stage1_1200x1200.jpg","mixie-baby-4oz-bottle-and-stage-1-nipple-pack","mixie-baby-4oz-bottle-and-stage-1-nipple-pack.html","No layout updates","Block after Info Column","","","","China","No","Use config","<li>4oz Wide Neck Baby Bottle</li> <li>Two Stage 1 Nipple Pack</li>","女 , 男","5%","","","","","","","","","No","","","","","","","","0.0000","0.0000","1","0","0","1","1.0000","1","0.0000","1","1","","","1","0","1","0","1","0.0000","1","0","0","0","1","Mixie Baby 4oz Bottle + Nipple Pack","1","bundle","","","","1","0","1","Price Range","0"
"english","base","Default","simple","8,14,42,57,24,38","MBB1004-MIXIE","0","Mixie Baby","","Disabled","No","Catalog, Search","Yes","None","No","","新生","No","<li>4oz baby bottle has a 2 scoop formula capacity</li>
<li>Allows you to prepare babyﾒs bottle ahead of time</li>
<li>Makes bottle feeding easy</li>
<li>To use: Place formula in compartment and water in bottle, then push the button and shake well to mix</li>
<li>Patented, airtight compartment</li>
<li>Compartment lid is free-floating agitator that mixes formula and prevents clumps</li>
<li>Vented nipples minimize colic</li>
<br>
<iframe width=""550"" height=""413"" src=""http://www.youtube.com/embed/m62IvLCH7tU"" frameborder=""0"" allowfullscreen></iframe>","A baby bottle that can be prepared now and mixed later? Yes, and Mixie is her name. This smart, formula-mixing baby bottle with its patented, air-tight design will not leak. Put formula in the little compartment, water in the bottle and when the babyﾒs ready, push the button to release powder, shake and blend. Simple. Available in 8-and 4-oz. sizes.  *This purchase includes the 2-pack Stage 1 Baby Nipple","","","","<li>BPA-, phthalate- and PVC-free</li>
<li>100% silicone nipple</li>
<li>Polypropylene bottle</li>","Dishwasher- and microwave-safe","","","313.5000","1.0000","","750.0000","510.0000","Mixie Baby Bottle 4oz","/m/i/mixie.pkgbtl.4oz_1200x1200.jpg","/m/i/mixie.pkgbtl.4oz_1200x1200.jpg","/m/i/mixie.pkgbtl.4oz_1200x1200.jpg","mixie-4oz-baby-bottle","mixie-4oz-baby-bottle.html","No layout updates","Block after Info Column","","","","China","Use config","Use config","<li>奶瓶組：120cc奶瓶 * 1 / 第一階段奶嘴 * 1<li>奶嘴組：第一階段奶嘴 * 2個</li><li>防脹氣奶嘴：</li><ul style=""padding-left:40px""><li>高 2-2/8"" 英吋/底部直徑 5英吋</li><li>第一階段:單一圓孔(非十字形吸孔)</li></ul><li>奶粉儲存盒：120ml容量約20公克</li><br><p></p>","女 , 男","5.0%","","","","","","","","","No","","","","","","","","0.0000","0.0000","1","0","0","1","1.0000","1","0.0000","0","0","2013-10-30 09:26:14","0.0000","1","0","1","1","1","0.0000","1","0","0","1","1","Mixie Baby Bottle 4oz","1","simple","","","","","","","",""
