"FB20-WCARTS","魔法公主甜蜜城-創意無痕壁貼","新生","","Wallcandy Arts"
"SeasonOS-WCARTS","季節之樹－創意無痕壁貼","新生","","Wallcandy Arts"
"FB19-WCARTS","可愛動物家園-創意無痕壁貼","新生","","Wallcandy Arts"
"IHartOwl-WCARTS","貓頭鷹家族愛心樹-創意無痕壁貼","新生","","Wallcandy Arts"
"DottiLicious-WCARTS","彩色泡泡糖－創意無痕壁貼","新生","","Wallcandy Arts"
"FlutterFlies2-WCARTS","舞蝶翩飛-創意無痕壁貼","新生","","Wallcandy Arts"
"OverlapHearts-WCARTS","心心相印－創意無痕壁貼","新生","","Wallcandy Arts"
"Blossoms-WCARTS","夢幻花園－創意無痕壁貼","新生","","Wallcandy Arts"
"7323-ZZ-CLOUDB","熱銷！星空點點小烏龜夜光玩偶","2歲以上","","Cloud b"
"7353-ZZ-CLOUDB","星空點點小瓢蟲夜光玩偶","2歲以上","","Cloud b"
"7333-ZZ-CLOUDB","星空點點小海龜夜燈玩偶","2歲以上","","Cloud b"
"7303-ZZ-CLOUDB","甜蜜安睡音樂小綿羊","新生","","Cloud b"
"1266-MELDOUG","MELISSA & DOUG 生活系列木拼圖-6件組","2歲以上","","Melissa & Doug"
"1269-MELDOUG","MELISSA & DOUG 季節系列木拼圖-4件組","2歲以上","","Melissa & Doug"
"2191-MELDOUG","可愛怪獸保齡球 Monster Bowling","2歲以上","","Melissa & Doug"
"2281-MELDOUG","經典智能串珠迷宮架 Bead Maze","1歲以上","","Melissa & Doug"
"2783-MELDOUG","MELISSA & DOUG-大型紙積木-24片","2歲以上","","Melissa & Doug"
"3039-MELDOUG","咕咕鳥的家－形狀遊戲知育啟發組合","9個月以上","","Melissa & Doug"
"3044-MELDOUG","寶寶水族箱-聲音布質玩偶組","6個月以上","","Melissa & Doug"
"3066-MELDOUG","MELISSA & DOUG 彩虹疊疊樂-多樣觸感","9個月以上","","Melissa & Doug"
"3130-MELDOUG","寶貝的專屬樂團－海洋世界木製樂器組","18個月以上","","Melissa & Doug"
"3391-MELDOUG","動物農場木製拼圖板(8片)","1歲以上","","Melissa & Doug"
"3777-MELDOUG","賽車系列磁吸益智拼板","3歲以上","","Melissa & Doug"
"4096-MELDOUG","活動式原木雙層運輸車(5件組)-75折","3歲以上","","Melissa & Doug"
"7001.3-PRNCLH","居家必備-幼童專屬多用增高椅 - 橘色","18個月以上","","Prince Lionheart"
"7000.3-PRNCLH","居家必備-幼童專屬多用增高椅 - 綠色","18個月以上","","Prince Lionheart"
"7018.2-PRNCLH","可攜式嬰幼兒安全餐座椅 - 綠色","1歲以上","","Prince Lionheart"
"7020.2-PRNCLH","可攜式嬰幼兒安全餐座椅 - 亮灰","1歲以上","","Prince Lionheart"
"7140.2-PRNCLH","時尚風多功能安全幫寶椅 - 綠色","3個月以上","","Prince Lionheart"
"7152.2-PRNCLH","時尚風多功能安全幫寶椅 - 粉紅色","3個月以上","","Prince Lionheart"
"7153.2-PRNCLH","時尚風多功能安全幫寶椅 - 藍色","3個月以上","","Prince Lionheart"
"7401.2-PRNCLH","科技抗菌兒童學習馬桶 - 綠色","18個月以上","","Prince Lionheart"
"7403.2-PRNCLH","科技抗菌兒童學習馬桶 - 粉紅色","18個月以上","","Prince Lionheart"
"7406.2-PRNCLH","科技抗菌兒童學習馬桶 - 藍色","18個月以上","","Prince Lionheart"
"PT3074-BEBABEAN","寶貝創意噓噓帽-有機原棉","新生","","Beba Bean"
"SMRG-BEBABEAN","BEBA BEAN 天然素材安撫玩偶!","新生","","Beba Bean"
"CBTP-BEBABEAN","可愛小熊-純棉針織帽-粉","3-6個月","3-6個月","Beba Bean"
"CBTI-BEBABEAN","可愛小熊-純棉針織帽- 象牙白","3-6個月","3-6個月","Beba Bean"
"CBTC-BEBABEAN","可愛小熊-純棉針織帽-巧克力色","3-6個月","3-6個月","Beba Bean"
"HKRP-BEBABEAN","頂級土耳其棉！小小名流-連帽浴袍(粉)","新生","","Beba Bean"
"HKRC-BEBABEAN","頂級土耳其棉! 小小名流-連帽浴袍(巧克力)","新生","","Beba Bean"
"KCIOS-BEBABEAN","穿脫方便! 針織連帽斗篷（象牙白）","6-24個月","","Beba Bean"
"KCPOS-BEBABEAN","穿脫方便！針織連帽斗篷（淺粉）","6-24個月","","Beba Bean"
"KOI12-BEBABEAN","精品質感－針織帶帽連身衣（ 象牙白）","6-12個月","6-12個月","Beba Bean"
"KOP12-BEBABEAN","精品質感－針織帶帽連身衣（淺粉）","6-12個月","6-12個月","Beba Bean"
"CBPOS-BEBABEAN","外出必備! 典雅針織-精品純棉蓋毯(粉)","新生","","Beba Bean"
"CBIOS-BEBABEAN","外出必備! 典雅針織-精品純棉蓋毯(白)","新生","","Beba Bean"
"CBGOS-BEBABEAN","外出必備! 典雅針織-精品純棉蓋毯(灰)","新生","","Beba Bean"
"K1148-KDZDLGT","恐龍王國互動遊戲平板-75折","3歲以上","","Kidz Delight"
"K1147-KDZDLGT","KIDZ DELIGHT 字彙學習遊戲平板","3歲以上","","Kidz Delight"
"K3423-KDZDLGT","KIDZ DELIGHT 會說話的Q版打掃工具組!","2歲以上","","Kidz Delight"
"K7730-KDZDLGT","KIDZ DELIGHT 魔法鏡子益智小筆電","1歲以上","","Kidz Delight"
"K1185R-KDZDLGT","KIDZ DELIGHT 小DJ音樂遊戲盤","2歲以上","","Kidz Delight"
"K12650-KDZDLGT","知識小百科益智遊戲書","3歲以上","","Kidz Delight"
"FFPIPA-PK","可愛玩偶_多功能組合小座椅 - Pipa","1歲以上","","P'kolino"
"FFTIAS-PK","可愛玩偶_多功能組合小座椅 - Tias","1歲以上","","P'kolino"
"JVZPBU-PK","可愛童畫隨身包-小昆蟲","3歲以上","","P'kolino"
"JVZPTI-PK","P'KOLINO 美術隨身包(24件)","3歲以上","","P'kolino"
"TYPSMC-PK","益智積木疊疊樂-彩色甜甜圈","","","P'kolino"
"TYSORB-PK","P'KOLINO-積木齒輪拼盤","","","P'kolino"
"TYXYBX-PK","最佳玩具! 玩樂旋律木琴盒","1歲以上","","P'kolino"
"TYCIRPZ-PK","得獎推薦! 益智型多變巧拼板_小昆蟲","新生","","P'kolino"
"TYSQPZ-PK","得獎推薦! 益智型多變巧拼板- 機器人","18個月以上","","P'kolino"
"TWL03-3SP","天然原棉! 小河馬--連帽沐浴巾","新生","","3 Sprouts"
"TWL05-3SP","天然原棉! 微笑猴子-連帽沐浴巾","","","3 Sprouts"
"TWL06-3SP","天然原棉! 鬍子小虎-連帽沐浴巾","新生","","3 Sprouts"
"BIN06-3SP","俏皮動物輕巧收納桶 - 亮黃小猴子","新生","","3 Sprouts"
"BIN08-3SP","俏皮動物輕巧收納桶 - 灰色小浣熊","新生","","3 Sprouts"
"BIN09-3SP","俏皮動物輕巧收納桶 - 小小松鼠","新生","","3 Sprouts"
"BIN02-3SP","俏皮動物輕巧收納桶 - 海軍象","新生","","3 Sprouts"
"BIN05-3SP","俏皮動物輕巧收納桶 - 淡紫小河馬","","","3 Sprouts"
"BOX02-3SP","俏皮動物收納箱 - 跳跳袋鼠","新生","","3 Sprouts"
"BOX01-3SP","俏皮動物收納箱 - 可愛小狗","新生","","3 Sprouts"
"CAD01-3SP","童趣風多用便利托特包 - 小海狸","新生","","3 Sprouts"
"CAD02-3SP","童趣風多用便利托特包 - 小蜜蜂","新生","","3 Sprouts"
"CAD03-3SP","童趣風多用便利托特包 - 小灰鼠","新生","","3 Sprouts"
"CAD04-3SP","童趣風多用便利托特包 - 紫色貓頭鷹","新生","","3 Sprouts"
"CAD05-3SP","童趣風多用便利托特包 - 小小豬","新生","","3 Sprouts"
"PocketPosies-MLS","可攜式輕巧餐椅套 - 春之歌","6個月到16公斤","","My Little Years"
"PinkyButtons-MLS","可攜式輕巧餐椅套 - 俏麗紅波普","6個月到16公斤","","My Little Years"
"BiggyButtons-MLS","可攜式輕巧餐椅套 - 藍點波普","6個月到16公斤","","My Little Years"
"BlueFish-MLS","可攜式輕巧餐椅套 - 海洋世界","6個月到16公斤","","My Little Years"
"135WT0000STN-MS","動物系列經典木製玩具-犀牛","6個月以上","","Manny & Simon"
"124WT0000DYL-MS","動物系列經典木製玩具-長頸鹿","6個月以上","","Manny & Simon"
"102WT0000YEL-MS","動物系列經典木製玩具-鴨子","6個月以上","","Manny & Simon"
"103WT0000GRA-MS","動物系列經典木製玩具-大象","6個月以上","","Manny & Simon"
"123WT0000MBR-MS","動物系列經典木製玩具-馬","6個月以上","","Manny & Simon"
"111WT0000RA-MS","動物系列經典木製玩具-蝸牛","6個月以上","","Manny & Simon"
"130WT0000RED-MS","運輸系列消防車手推玩具-活動式雲梯/小木梯","1歲以上","","Manny & Simon"
"119WT0000GRA-MS","運輸系列拖吊車手推玩具","1歲以上","","Manny & Simon"
"MBB1004-MIXIE","3合1聰明奶瓶120cc","新生","","Mixie Baby"
"MBB1008-MIXIE","3合1聰明奶瓶 240cc","2歲以下","","Mixie Baby"
"136-BBROO","有機棉多用護頸枕- 可愛小狗(3-8歲)","6個月以上","","Baberoo"
"154-BBROO","有機棉多用護頸枕 - 小企鵝(3-8歲)","6個月以上","","Baberoo"
"153-BBROO","有機棉多用護頸枕- 粉紅小豬(3-8歲) ","6個月以上","","Baberoo"
"174-BBROO","有機棉嬰兒防震護頸套- 黑白乳牛","6個月以上","","Baberoo"
"195-BBROO","有機棉嬰兒防震護頸套- 粉紅圓點","6個月以上","","Baberoo"
"131-BBROO","有機棉嬰兒防震護頸套- 粉色","6個月以上","","Baberoo"
"100-BBROO","有機棉嬰兒防震護頸套- 亮藍","6個月以上","","Baberoo"
"133-BBROO","有機棉嬰兒防震護頸套- 奶油黃","6個月以上","","Baberoo"
"170-BBROO","有機棉嬰兒防震護頸套- 檸檬黃","6個月以上","","Baberoo"
"142-BBROO","有機棉嬰兒防震護頸套-淡紫","6個月以上","","Baberoo"
"BIN01-3SP","俏皮動物輕巧收納桶 - 粉紅小象","新生","","3 Sprouts"
"BIN03-3SP","俏皮動物輕巧收納桶 - 小狐狸","新生","","3 Sprouts"
"BIN04-3SP","俏皮動物輕巧收納桶 - 黑白斑馬","新生","","3 Sprouts"
"WALL2-3SP","可愛動物收納壁掛袋 - 長頸鹿","新生","","3 Sprouts"
"WALL1-3SP","可愛動物收納壁掛袋 - 小紅鶴","新生","","3 Sprouts"
"WALL3-3SP","可愛動物收納壁掛袋 - 小鱷魚","新生","","3 Sprouts"
"MOB1-3SP","可愛動物轉轉吊飾 - 太妃糖小熊","新生","","3 Sprouts"
"MOB2-3SP","可愛動物轉轉吊飾 - 奶油貓頭鷹","新生","","3 Sprouts"
"MOB3-3SP","可愛動物轉轉吊飾 - 可愛藍孔雀","新生","","3 Sprouts"
"HAMP1-3SP","大好評! 摺疊提把- 可愛動物洗衣籃-小鹿","新生","","3 Sprouts"
"HAMP2-3SP","大好評! 摺疊提把- 可愛動物洗衣籃-山羊","新生","","3 Sprouts"
"HAMP3-3SP","大好評! 摺疊提把-可愛動物洗衣籃-北極熊","新生","","3 Sprouts"
"BATH1-3SP","浴室收納－防水吊掛袋（小狐狸）","新生","","3 Sprouts"
"BATH3-3SP","浴室收納－防水吊掛袋（小海象）","新生","","3 Sprouts"
"BATH2-3SP","浴室收納－防水吊掛袋（貓頭鷹）","新生","","3 Sprouts"
"SF2151M-H2H","俏麗滿點公主紗裙-3到4歲","3-4歲","","Heart To Heart"
"SP21512M-H2H","浪漫花海柔軟襯裙-3到4歲","3-4歲","","Heart To Heart"
"SB2151AM-H2H","甜美公主蓬蓬新娘裙-3到4歲","3-4歲","","Heart To Heart"
"SC2151AS-H2H","仙杜瑞拉公主小洋裝-淺粉-1到2歲","1-2歲","","Heart To Heart"
"SC2154S-H2H","仙杜瑞拉公主小洋裝-淺綠-1到2歲","1-2歲","","Heart To Heart"
"SC2156S-H2H","仙杜瑞拉公主小洋裝-淡藍-1到2歲","1-2歲","","Heart To Heart"
"SC2154M-H2H","仙杜瑞拉公主小洋裝-淺綠-3到4歲","3-4歲","","Heart To Heart"
"SE2152S-H2H","芭蕾小名媛！一片式緞帶紗裙-淡紫-1到2歲","1-2歲","","Heart To Heart"
"SE2154S-H2H","芭蕾小名媛！一片式緞帶紗裙-淺綠-1到2歲","1-2歲","","Heart To Heart"
"SE2156S-H2H","芭蕾小名媛! 一片式緞帶紗裙-淡藍-1到2歲","1-2歲","","Heart To Heart"
"BW2151AS-H2H","蝴蝶仙子可愛小翅膀-淺粉-0到18月","新生","","Heart To Heart"
"BW2154S-H2H","蝴蝶仙子可愛小翅膀-淺綠-0到18月","新生","","Heart To Heart"
"BW2156S-H2H","蝴蝶仙子可愛小翅膀-淡藍-0到18月","新生","","Heart To Heart"
"BW2150S-H2H","蝴蝶仙子可愛小翅膀-白-0到18月","新生","","Heart To Heart"
"BW2151AL-H2H","蝴蝶仙子可愛小翅膀-淺粉-1.5到12歲","1.5歲-12歲","","Heart To Heart"
"BW2154L-H2H","蝴蝶仙子可愛小翅膀-淺綠-1.5到12歲","1.5歲-12歲","","Heart To Heart"
"BW2156L-H2H","蝴蝶仙子可愛小翅膀-淡藍-1.5到12歲","1.5歲-12歲","","Heart To Heart"
"BW2152L-H2H","蝴蝶仙子可愛小翅膀-淡紫-1.5到12歲","1.5歲-12歲","","Heart To Heart"
"GM04-H2H","花草多用家飾墊","新生","","Heart To Heart"
"11301N-S-UBSN","繽紛季節格紋小領帶-1到2歲","1-2歲","","Urban Sunday"
"11301N-M-UBSN","繽紛季節格紋小領帶-2到4歲","2-4歲","","Urban Sunday"
"11303N-S-UBSN","彩虹假期條紋小領帶-1到2歲","1-2歲","","Urban Sunday"
"11303N-M-UBSN","彩虹假期條紋小領帶-2到4歲","2-4歲","","Urban Sunday"
"11104N-S-UBSN","快樂出遊童趣小領帶-1到2歲","1-2歲","","Urban Sunday"
"11104N-M-UBSN","快樂出遊童趣小領帶-2到4歲","2-4歲","","Urban Sunday"
"11306N-S-UBSN","經典摩登時尚小領帶-1到2歲","1-2歲","","Urban Sunday"
"11306N-M-UBSN","經典摩登時尚小領帶-2到4歲","2-4歲","","Urban Sunday"
"11305N-S-UBSN","海軍藍圓點小領帶-1到2歲","1-2歲","","Urban Sunday"
"11305N-M-UBSN","海軍藍圓點小領帶-2到4歲","2-4歲","","Urban Sunday"
"21208N-S-UBSN","清新淡藍細格小領帶-1到2歲","1-2歲","","Urban Sunday"
"21208N-M-UBSN","清新淡藍細格小領帶-2到4歲","2-4歲","","Urban Sunday"
"11309N-S-UBSN","優雅紳士細格小領帶-1到2歲","1-2歲","","Urban Sunday"
"11309N-M-UBSN","優雅紳士細格小領帶-2到4歲","2-4歲","","Urban Sunday"
"11310N-S-UBSN","清新漾彩細格小領帶-1到2歲","1-2歲","","Urban Sunday"
"11310N-M-UBSN","清新漾彩細格小領帶-2到4歲","2-4歲","","Urban Sunday"
"11301B-M-UBSN","繽紛季節格紋小領結-2到4歲","2-4歲","","Urban Sunday"
"11301B-L-UBSN","繽紛季節格紋小領結-5到8歲","5-8歲","","Urban Sunday"
"11303B-M-UBSN","彩虹假期條紋小領結-2到4歲","2-4歲","","Urban Sunday"
"11303B-L-UBSN","彩虹假期條紋小領結-5到8歲","5-8歲","","Urban Sunday"
"11304B-M-UBSN","清新薄荷純色小領結-2到4歲","2-4歲","","Urban Sunday"
"11304B-L-UBSN","清新薄荷純色小領結-5到8歲","5-8歲","","Urban Sunday"
"11305B-M-UBSN","海軍藍圓點小領結-2到4歲","2-4歲","","Urban Sunday"
"11305B-L-UBSN","海軍藍圓點小領結-5到8歲","5-8歲","","Urban Sunday"
"11306B-M-UBSN","經典摩登時尚小領結-2到4歲","2-4歲","","Urban Sunday"
"11306B-L-UBSN","經典摩登時尚小領結-5到8歲","5-8歲","","Urban Sunday"
"21208B-M-UBSN","清新淡藍細格小領結-2到4歲","2-4歲","","Urban Sunday"
"21208B-L-UBSN","清新淡藍細格小領結-5到8歲","5-8歲","","Urban Sunday"
"11310B-M-UBSN","清新漾彩細格小領結-2到4歲","2-4歲","","Urban Sunday"
"11310B-L-UBSN","清新漾彩細格小領結-5到8歲","5-8歲","","Urban Sunday"
"11311B-M-UBSN","亮黃純色小領結-2到4歲","2-4歲","","Urban Sunday"
"11311B-L-UBSN","亮黃純色小領結-5到8歲","5-8歲","","Urban Sunday"
"11312B-M-UBSN","漾彩珊瑚純色小領結-2到4歲","2-4歲","","Urban Sunday"
"11312B-L-UBSN","漾彩珊瑚純色小領結-5到8歲","5-8歲","","Urban Sunday"
"21101S-UBSN","穿大一號,也不怕掉褲子!~童用小吊帶-藍條紋","2-8歲","","Urban Sunday"
"21104S-UBSN","穿大一號,也不怕掉褲子!~童用小吊帶-黑","2-8歲","","Urban Sunday"
"21105S-UBSN","穿大一號,也不怕掉褲子! ~ 童用小吊帶-紅","2-8歲","","Urban Sunday"
"CocoSnow-MLS","可攜式輕巧餐椅套 - 黑白系圖騰","6個月到16公斤","","My Little Years"
"HudsonStripe-MLS","可攜式輕巧餐椅套 - 海洋風條紋","6個月到16公斤","","My Little Years"
"Minky.BB-ISSMA","柔舒連帽浴巾組 - 晴空藍點","8歲以下","","Infantissima"
"Minky.BP-ISSMA","柔舒連帽浴巾組－淡雅粉點","8歲以下","","Infantissima"
"Minky.CB-ISSMA","柔舒連帽浴巾組－繽紛男孩泡泡糖","8歲以下","","Infantissima"
"Minky.CP-ISSMA","柔舒連帽浴巾組－繽紛女孩泡泡糖","8歲以下","","Infantissima"
"ZF.LPK-ISSMA","柔舒連帽浴巾組－俏麗粉紅豹","8歲以下","","Infantissima"
"ZF.BLCW-ISSMA","柔舒連帽浴巾組－可愛小乳牛","8歲以下","","Infantissima"
"ZF.ZBR-ISSMA","柔舒連帽浴巾組－時尚小斑馬","8歲以下","","Infantissima"
"ZF.GRF-ISSMA","柔舒連帽浴巾組－高雅長頸鹿","8歲以下","","Infantissima"
"Airplane-ISSMA","童心連帽浴巾組－小小飛機","8歲以下","","Infantissima"
"Buttrfly-ISSMA","童心連帽浴巾組－蝴蝶樂園","8歲以下","","Infantissima"
"LemonHrt-ISSMA","童心連帽浴巾組－心心相印","8歲以下","","Infantissima"
"UrbanZoo-ISSMA","童心連帽浴巾組－海洋世界","8歲以下","","Infantissima"
"Monkeys-ISSMA","童心連帽浴巾組－活力跳跳猴","8歲以下","","Infantissima"
"1127B-MAGBB","魔磁柔棉嬰兒袍-快樂小鳥(男) 新生","新生","0-3個月","Magnificent Baby"
"1128G-MAGBB","魔磁柔眠嬰兒袍-可愛蘋果(女) 新生","新生","0-3個月","Magnificent Baby"
"1422G-3M-MAGBB","柔棉衣/褲組(女)-星空紫 3-6個月","3-6個月","3-6個月","Magnificent Baby"
"1423B-3M-MAGBB","柔棉衣/褲組(男)-星空綠 3-6個月","3-6個月","3-6個月","Magnificent Baby"
"1520G-NB-MAGBB","寶寶捲餅包屁衣(女)星空紫-新生","新生","0-3個月","Magnificent Baby"
"1521B-NB-MAGBB","寶寶捲餅包屁衣(男)星空綠-新生","新生","0-3個月","Magnificent Baby"
"1524G-6M-MAGBB","寶寶捲餅包屁衣(女)快樂小鳥 6-9個月","6-9個月","6-9個月","Magnificent Baby"
"1525B-6M-MAGBB","寶寶捲餅包屁衣(男) 快樂小鳥 6-9個月","6-9個月","6-9個月","Magnificent Baby"
"1526G-3M-MAGBB","寶寶捲餅包屁衣(女) 可愛蘋果  3-6個月","3-6個月","3-6個月","Magnificent Baby"
"1526G-6M-MAGBB","寶寶捲餅包屁衣(女) 可愛蘋果 6-9個月","6-9個月","6-9個月","Magnificent Baby"
"1526G-9M-MAGBB","寶寶捲餅包屁衣(女) 可愛蘋果 9-12個月","9-12個月","9-12個月","Magnificent Baby"
"1527B-3M-MAGBB","寶寶捲餅包屁衣(男) 可愛蘋果 3-6個月","3-6個月","3-6個月","Magnificent Baby"
"1527B-6M-MAGBB","寶寶捲餅包屁衣(男) 可愛蘋果 6-9個月","6-9個月","6-9個月","Magnificent Baby"
"1527B-9M-MAGBB","寶寶捲餅包屁衣(男) 可愛蘋果 9-12個月","9-12個月","9-12個月","Magnificent Baby"
"1528G-6M-MAGBB","長袖捲餅衣/包腳褲組(女) 大象粉 6 - 9個月","6-9個月","6-9個月","Magnificent Baby"
"1528G-9M-MAGBB","長袖捲餅衣/包腳褲組(女) 大象粉 9-12個月","9-12個月","9-12個月","Magnificent Baby"
"1529B-6M-MAGBB","長袖捲餅衣/包腳褲組(男) 大象藍 6-9個月","6-9個月","6-9個月","Magnificent Baby"
"1529B-9M-MAGBB","長袖捲餅衣/包腳褲組(男) 大象藍 9-12個月","9-12個月","9-12個月","Magnificent Baby"
"1730G-9M-MAGBB","柔棉連身兔裝(女) 大象粉 9-12個月","9-12個月","9-12個月","Magnificent Baby"
"1731B-9M-MAGBB","柔棉連身兔裝(男) 大象藍 9-12個月","9-12個月","9-12個月","Magnificent Baby"
"1820G-3M-MAGBB","柔棉前開連身衣(女)蘋果粉 3-6個月","3-6個月","3-6個月","Magnificent Baby"
"1820G-6M-MAGBB","柔棉前開連身衣(女) 蘋果粉 6-9個月","6-9個月","6-9個月","Magnificent Baby"
"1820G-9M-MAGBB","柔棉前開連身衣(女) 蘋果粉 9-12個月","9-12個月","9-12個月","Magnificent Baby"
"1821B-3M-MAGBB","柔棉前開連身衣(男) 蘋果藍 3-6個月","3-6個月","3-6個月","Magnificent Baby"
"1821B-6M-MAGBB","柔棉前開連身衣(男) 蘋果藍 6-9個月","6-9個月","6-9個月","Magnificent Baby"
"1821B-9M-MAGBB","柔棉前開連身衣(男) 蘋果藍 9-12個月","9-12個月","9-12個月","Magnificent Baby"
"TYPZSS-PK","得獎推薦! 益智型多變巧拼板/太空船","","","P'kolino"
"FFKIKO-PK","可愛玩偶～多功能組合小座椅- Kiko","1歲以上","","P'kolino"
"FFLILA-PK","可愛玩偶～多功能組合小座椅- Lila","1歲以上","","P'kolino"
"KBCHO003-KBOOST","靈活伸縮-魔術增高架-巧克力","新生","","Kaboost"
"KBGRE000-KBOOST","靈活伸縮-魔術增高架-綠色","新生","","Kaboost"
"KBNAT001-KBOOST","靈活伸縮-魔術增高架-自然灰","新生","","Kaboost"
"CHTSLS3BL-LTGF","溫暖包覆! 寵愛寶貝睡袋禮盒-雪尼爾藍","新生","","Little Giraffe"
"CHTSLS3CR-LTGF","溫暖包覆! 寵愛寶貝睡袋禮盒-雪尼爾米白","新生","","Little Giraffe"
"CHTSLS3PK-LTGF","溫暖包覆! 寵愛寶貝睡袋禮盒-雪尼爾粉","新生","","Little Giraffe"
"MSNDSLS3BL-LTGF","透氣棉紗素材! 寵愛寶貝睡袋禮盒-圓點藍","3-6個月","3-6個月","Little Giraffe"
"MSNDSLS3CE-LTGF","透氣棉紗素材! 寵愛寶貝睡袋禮盒-圓點綠","3-6個月","3-6個月","Little Giraffe"
"MSNDSLS3PK-LTGF","透氣棉紗素材! 寵愛寶貝睡袋禮盒-圓點粉","3-6個月","3-6個月","Little Giraffe"
"MSLNDSK3BL-LTGF","透氣棉紗素材! 寵愛寶貝睡袋禮盒-網紋藍","3-6個月","3-6個月","Little Giraffe"
"LXDBLGBL-LTGF","必買推薦! 長頸鹿玩偶安撫巾-藍","新生","","Little Giraffe"
"LXDBLGPK -LTGF","必買推薦! 長頸鹿玩偶安撫巾-粉","新生","","Little Giraffe"
"LXDRLGBL-LTGF","LITTLE GIRAFFE 安撫手搖鈴-藍","3個月以上","","Little Giraffe"
"LXDRLGPK-LTGF","LITTLE GIRAFFE 安撫手搖鈴-粉","3個月以上","","Little Giraffe"
"CHCFBLYSV-LTGF","絕佳手感!雪尼爾安撫小毯- 銀","新生","","Little Giraffe"
"CHTWPK-LTGF","超柔連帽浴巾/方巾禮盒 - 粉紅","新生","","Little Giraffe"
"CHTWBL-LTGF","超柔連帽浴巾/方巾禮盒 - 藍","新生","","Little Giraffe"
"MSCBKTPK-LTGF","寵愛寶貝包巾禮盒 - 粉紅","新生","","Little Giraffe"
"MSCBKTBL-LTGF","寵愛寶貝包巾禮盒 - 藍","新生","","Little Giraffe"
"MSCBKTSV-LTGF","寵愛寶貝包巾禮盒 - 銀","新生","","Little Giraffe"
"LXDPLGBL-LTGF","長頸鹿安撫娃娃 - 藍","新生","","Little Giraffe"
"LXDPLGCE-LTGF","長頸鹿安撫娃娃 - 青瓷","新生","","Little Giraffe"
"1001-LILACOSM","兒童專用無毒指甲油 - 甜美淡粉","1歲以上","","Hopscotch Kids"
"1002-LILACOSM","兒童專用無毒指甲油 - 俏麗粉紅","1歲以上","","Hopscotch Kids"
"1005-LILACOSM","兒童專用無毒指甲油 - 閃耀深紫","1歲以上","","Hopscotch Kids"
"1006-LILACOSM","兒童專用無毒指甲油 - 活力亮綠","1歲以上","","Hopscotch Kids"
"1007-LILACOSM","兒童專用無毒指甲油 - 海洋亮藍","1歲以上","","Hopscotch Kids"
"1012-LILACOSM","兒童專用無毒指甲油 - 薰衣草淡紫","1歲以上","","Hopscotch Kids"
"1200-LILACOSM","天然無毒卸甲油","1歲以上","","Hopscotch Kids"
"1305-LILACOSM","亮彩抗裂護色指甲油","1歲以上","","Hopscotch Kids"
"MMYellow-MM","不卡手防漏零食杯(含密封蓋) - 黃","10個月以上","","Munchie Mugs"
"MMPink-MM","不卡手防漏零食杯(含密封蓋) - 粉","10個月以上","","Munchie Mugs"
"MMBlue-MM","不卡手防漏零食杯(含密封蓋) - 藍","10個月以上","","Munchie Mugs"
"SSSensor-CLOUDB","智能聲控音樂小綿羊","新生","","Cloud b"
"TTBlue-CLOUDB","星空點點小烏龜夜光玩偶-藍","新生","","Cloud b"
"TTPurple-CLOUDB","星空點點小烏龜夜光玩偶-紫","新生","","Cloud b"
"TLBPink-CLOUDB","星空點點小瓢蟲夜光玩偶-粉紅","3歲以上","","Cloud b"
"TRTAqua-CLOUDB","新款! 助眠音樂小烏龜-寧靜波光","3歲以上","","Cloud b"
"WCJ-NB-LORALIN","俏皮寶寶連身包腳衣(藍-灰-萊姆綠) 0-3個月","新生","0-3個月","Loralin Designs"
"WCJ-3M-LORALIN","俏皮寶寶連身包腳衣(藍-灰-萊姆綠) 3-6個月","新生","","Loralin Designs"
"WCJ-6M-LORALIN","俏皮寶寶連身包腳衣(藍-灰-萊姆綠) 6-12個月","新生","","Loralin Designs"
"WCP-NB-LORALIN","俏皮寶寶連身包腳衣(奶油-橄欖-黃) 0-3個月","新生","0-3個月","Loralin Designs"
"WCP-3M-LORALIN","俏皮寶寶連身包腳衣(奶油-橄欖-黃) 3-6個月","3-6個月","3-6個月","Loralin Designs"
"WCP-6M-LORALIN","俏皮寶寶連身包腳衣(奶油-橄欖-黃) 6-12個月","6-12個月","6-12個月","Loralin Designs"
"BW-3M-LORALIN","俏皮寶寶衣褲組(淺藍-灰-橙) 3-6個月","3-6個月","3-6個月","Loralin Designs"
"BW-6M-LORALIN","俏皮寶寶衣褲組(淺藍-灰-橙) 6-12個月","6-12個月","6-12個月","Loralin Designs"
"BW-12M-LORALIN","俏皮寶寶衣褲組(淺藍-灰-橙) 12-18個月","12-18個月","12-18個月","Loralin Designs"
"BWR-3M-LORALIN","俏皮寶寶衣褲組(藍-棕-紅) 3-6個月","3-6個月","3-6個月","Loralin Designs"
"BWR-6M-LORALIN","俏皮寶寶衣褲組(藍-棕-紅) 6-12個月","6-12個月","6-12個月","Loralin Designs"
"BWR-12M-LORALIN","俏皮寶寶衣褲組(藍-棕-紅) 12-18個月","12-18個月","12-18個月","Loralin Designs"
"BWT-3M-LORALIN","俏皮寶寶衣褲組(淡藍/水藍/棕) 3-6個月","3-6個月","3-6個月","Loralin Designs"
"BWT-6M-LORALIN","俏皮寶寶衣褲組(淡藍/水藍/棕) 6-12個月","6-12個月","6-12個月","Loralin Designs"
"BWT-12M-LORALIN","俏皮寶寶衣褲組(淡藍/水藍/棕) 12-18個月","12-18個月","12-18個月","Loralin Designs"
"WB-3M-LORALIN","俏皮寶寶衣褲組(薄荷綠/棕/黃) 3-6個月","3-6個月","3-6個月","Loralin Designs"
"WB-6M-LORALIN","俏皮寶寶衣褲組(薄荷綠/棕/黃) 6-12個月","6-12個月","6-12個月","Loralin Designs"
"WB-12M-LORALIN","俏皮寶寶衣褲組(薄荷綠/棕/黃) 12-18個月","12-18個月","12-18個月","Loralin Designs"
"ZN-LORALIN","寶貝手工靴禮盒(白/海軍藍) 0-4個月","新生","","Loralin Designs"
"ZB-LORALIN","寶貝手工靴禮盒(淡藍-灰) 0-4個月","新生","","Loralin Designs"
"HN-6M-LORALIN","活力寶貝連帽衣褲組(淡藍/藍/寶藍) 6-12個月","6-12個月","6-12個月","Loralin Designs"
"HN-12M-LORALIN","活力寶貝連帽衣褲組(淡藍/藍/寶藍) 12-18個月","12-18個月","12-18個月","Loralin Designs"
"HE-6M-LORALIN","活力寶貝連帽衣褲組(海軍藍/灰/水藍) 6-12個月","6-12個月","6-12個月","Loralin Designs"
"HE-12M-LORALIN","活力寶貝連帽衣褲組(海軍藍/灰/水藍) 12-18個月","12-18個月","12-18個月","Loralin Designs"
"OG-3M-LORALIN","俏皮寶寶短袖包臀衣(海軍藍/綠) 3-6個月","3-6個月","3-6個月","Loralin Designs"
"OG-6M-LORALIN","俏皮寶寶短袖包臀衣(海軍藍/綠) 6-12個月","6-12個月","6-12個月","Loralin Designs"
"OG-12M-LORALIN","俏皮寶寶短袖包臀衣(海軍藍/綠) 12-18個月","12-18個月","12-18個月","Loralin Designs"
"BUS-LORALIN","寶貝手工鞋禮盒(淺灰) 0-4個月","新生","","Loralin Designs"
"BNS-LORALIN","寶貝手工鞋禮盒(海軍藍) 0-4個月","新生","","Loralin Designs"
"RB-3M-LORALIN","俏皮寶寶短袖連身衣 3-6個月","3-6個月","3-6個月","Loralin Designs"
"RB-6M-LORALIN","俏皮寶寶短袖連身衣 6-12個月","6-12個月","6-12個月","Loralin Designs"
"MTN-005-MTN","有機草本2合1洗髮沐浴露250ml","新生","","My True Nature"
"MTN-001-MTN","有機草本兒童泡泡浴355ml","新生","","My True Nature"
"MTN-010-MTN","有機草本舒緩護膚乳液 250ml","新生","","My True Nature"
"MTN-029-MTN","有機草本兒童洗手露 250ml","新生","","My True Nature"
"MTN-026-MTN","有機草本兒童洗護三件組","新生","","My True Nature"
"22LAV9-TPC","薰衣草花朵柔紗蓬裙 - 2到4歲","2-4歲","","The Pamela Company"
"22809RdShk9-TPC+Wng809Red-TPC","玫瑰柔紗蓬裙翅膀組 (紅) - 2到4歲","2-4歲","","The Pamela Company"
"22809TrqPk9-TPC+Wng809Blue-TPC","玫瑰柔紗蓬裙翅膀組 (藍綠) - 2到4歲","2-4歲","","The Pamela Company"
"22Lav6-TPC","花瓣緞帶柔紗蓬裙(紫)  - 到1歲","新生","","The Pamela Company"
"22Lav7-TPC","花瓣緞帶柔紗蓬裙(紫) 1到2歲","1-2歲","1-2歲","The Pamela Company"
"22Wht6-TPC","花瓣緞帶柔紗蓬裙(白) - 到1歲","新生","","The Pamela Company"
"22Wht7-TPC","花瓣緞帶柔紗蓬裙(白) 1到2歲","1-2歲","1-2歲","The Pamela Company"
"22HotPk6-TPC","花瓣緞帶柔紗蓬裙(粉) - 到1歲","新生","","The Pamela Company"
"22HotPk7-TPC","花瓣緞帶柔紗蓬裙(粉) 1到2歲","1-2歲","1-2歲","The Pamela Company"
"22BdayPK7-TPC+WngBdayPK-TPC","甜蜜時光-生日派對衣著組合 (粉)","新生","","The Pamela Company"
"22BdayLAV7-TPC+WngBdayLAV-TPC","甜蜜時光-生日派對衣著組合(紫）","新生","","The Pamela Company"
"22PKNV6-TPC ","珠光緞帶柔紗蓬裙(藍格) - 到1歲","新生","","The Pamela Company"
"22PKGNM6-TPC","珠光緞帶柔紗蓬裙(粉格) - 到1歲","新生","","The Pamela Company"
"22LcEgClnl6-TPC","蕾絲柔紗蓬裙(粉) - 到1歲","新生","","The Pamela Company"
"22LcEgPriW6-TPC","蕾絲柔紗蓬裙(藍) - 到1歲","新生","","The Pamela Company"
"1212RB-KSTYL","亮彩儲物盒-皇家藍 ","新生","","Kids Style"
"1212P-KSTYL","亮彩儲物盒-糖果粉 ","新生","","Kids Style"
"1212SG-KSTYL","亮彩儲物箱-青草綠","新生","","Kids Style"
"9400-KSTYL","立體造型儲物箱-大象","新生","","Kids Style"
"9425-KSTYL","立體造型儲物箱-青蛙","新生","","Kids Style"
"9475-KSTYL","立體造型儲物箱-小狗","新生","","Kids Style"
"9500-KSTYL","立體造型儲物箱-猴子 ","新生","","Kids Style"
"9460-KSTYL","立體造型儲物箱-瓢蟲 ","新生","","Kids Style"
"9470-KSTYL","立體造型儲物箱-鴨子","新生","","Kids Style"
"8933100-KSTYL","復古歐風行李儲物盒-經典綠","新生","","Kids Style"
"8947000-KSTYL","復古歐風行李儲物盒-明亮黃","新生","","Kids Style"
"4013547-KSTYL","手提掀蓋儲物盒-古典嬰兒車","新生","","Kids Style"
"4043617-KSTYL","手提掀蓋儲物盒-復古小電車","新生","","Kids Style"
"SSFox1ZNat12mo-CLK","認證有機/小狐狸包臀衣(原色6-12月)","6-12個月","6-12個月","Colette Kids"
"SSFox1ZNat18mo-CLK","認證有機/小狐狸包臀衣(原色12-18月)","12-18個月","12-18個月","Colette Kids"
"SSOwl1ZDjn6mo-CLK","認證有機/貓頭鷹包臀衣(芥黃3-6月)","3-6個月","3-6個月","Colette Kids"
"SSOwl1ZDjn12mo-CLK","認證有機/貓頭鷹包臀衣(芥黃6-12月)","6-12個月","6-12個月","Colette Kids"
"SSBee1ZNat6mo-CLK","認證有機/小蜜蜂包臀衣(原色3-6月)","3-6個月","3-6個月","Colette Kids"
"SSBee1ZNat12mo-CLK","認證有機/小蜜蜂包臀衣(原色6-12月)","6-12個月","6-12個月","Colette Kids"
"SSPan1ZBLk12mo-CLK","小熊貓包臀衣(深灰6-12月)","6-12個月","6-12個月","Colette Kids"
"SSPan1ZBlk18mo-CLK","小熊貓包臀衣(深灰12-18月)","12-18個月","12-18個月","Colette Kids"
"SSDin1ZLmn6mo-CLK","小恐龍包臀衣(檸檬黃3-6月)","3-6個月","3-6個月","Colette Kids"
"SSDin1ZLmn12mo-CLK","小恐龍包臀衣(檸檬黃6-12月)","6-12個月","6-12個月","Colette Kids"
"SSBun1ZPnk6mo-CLK","小兔子包臀衣(粉3-6月)","3-6個月","3-6個月","Colette Kids"
"SSBun1ZPnk12mo-CLK","小兔子包臀衣(粉6-12月)","6-12個月","6-12個月","Colette Kids"
"SSCow1ZGrn6mo-CLK","小乳牛包臀衣(青草綠3-6月)","3-6個月","3-6個月","Colette Kids"
"SSCow1ZGrn12mo-CLK","小乳牛包臀衣(青草綠6-12月)","6-12個月","6-12個月","Colette Kids"
"LSBun1ZRed6mo-CLK","小兔子長袖包臀衣(紅3-6月)","3-6個月","3-6個月","Colette Kids"
"LSBun1ZRed18mo-CLK","小兔子長袖包臀衣(紅12-18月)","12-18個月","12-18個月","Colette Kids"
"LSSeal1ZBl12mo-CLK","小海豹長袖包臀衣(淡藍6-12月)","6-12個月","6-12個月","Colette Kids"
"LSSeal1ZBl18mo-CLK","小海豹長袖包臀衣(淡藍12-18月)","12-18個月","12-18個月","Colette Kids"
"LSDino1ZNav6mo-CLK","小恐龍長袖包臀衣(海軍藍3-6月)","3-6個月","3-6個月","Colette Kids"
"LSDino1ZNav12mo-CLK","小恐龍長袖包臀衣(海軍藍6-12月)","6-12個月","6-12個月","Colette Kids"
"LSDinoTNav2T-CLK","小恐龍七分袖上衣(2歲)","2-3歲","2-3歲","Colette Kids"
"LSDinoTNav4T-CLK","小恐龍七分袖上衣(4歲)","4-5歲","","Colette Kids"
"LSSealTNav2T-CLK","小海豹七分袖上衣(2歲)","2-3歲","2-3歲","Colette Kids"
"LSSealTNav4T-CLK","小海豹七分袖上衣(4歲)","4-5歲","","Colette Kids"
"SSCowTGrn2T-CLK","小乳牛圓領T袖(2歲)","2-3歲","2-3歲","Colette Kids"
"SSCowTGrn4T-CLK","小乳牛圓領T袖(4歲)","4-5歲","","Colette Kids"
"SSPanTOrng2T-CLK","小熊貓圓領T袖(2歲)","2-3歲","2-3歲","Colette Kids"
"SSPanTOrng4T-CLK","小熊貓圓領T袖(4歲)","4-5歲","","Colette Kids"
"SSOwlTDj2T-CLK","認證有機/貓頭鷹圓領T袖(2歲)","2-3歲","2-3歲","Colette Kids"
"SSOwlTDj4T-CLK","認證有機/貓頭鷹圓領T袖(4歲)","4-5歲","","Colette Kids"
"YellowBib-CLK","手工製－小蜜蜂領巾圍兜","新生","0-3歲","Colette Kids"
"BlackBib-CLK","手工製－黑白串珠領巾圍兜","新生","0-3歲","Colette Kids"
"PolkaBib-CLK","手工製－波爾卡領巾圍兜","新生","0-3歲","Colette Kids"
"MMGreen-MM","不卡手防漏零食杯(含密封蓋) - 綠","10個月以上","","Munchie Mugs"
"RBWSDNB-P100-RB","粉紅荷葉包屁褲 0-3月","新生","0-3個月","Ruffle Butts"
"RBWSD03-P100-RB","粉紅荷葉包屁褲 3-6月","3-6個月","3-6個月","Ruffle Butts"
"RBWSD06-P100-RB","粉紅荷葉包屁褲 6-12月","6-12個月","6-12個月","Ruffle Butts"
"RBWSD12-P100-RB","粉紅荷葉包屁褲 12-18月","12-18個月","12-18個月","Ruffle Butts"
"RBWSD18-P100-RB","粉紅荷葉包屁褲 18-24月","新生","","Ruffle Butts"
"RBWSD2T-P100-RB","粉紅荷葉包屁褲 2-3歲","2-3歲","2-3歲","Ruffle Butts"
"RCDDB06-0000-RB","荷葉滾邊-春夏單寧長褲 6-12月","6-12個月","6-12個月","Ruffle Butts"
"RCDDB12-0000-RB","荷葉滾邊-春夏單寧長褲 12-18月","12-18個月","12-18個月","Ruffle Butts"
"RCDDB18-0000-RB","荷葉滾邊-春夏單寧長褲 18-24月","新生","","Ruffle Butts"
"RCDDB2T-0000-RB","荷葉滾邊-春夏單寧長褲 2-3歲","2-3歲","2-3歲","Ruffle Butts"
"RLKBK00-0000-RB","俏麗內搭褲(打底褲)-黑色 0-6月","新生","","Ruffle Butts"
"RLKBK06-0000-RB","俏麗內搭褲(打底褲)-黑色 6-12月","6-12個月","6-12個月","Ruffle Butts"
"RLKGY00-0000-RB","俏麗內搭褲(打底褲)-灰色 0-6月","新生","","Ruffle Butts"
"RLKGY06-0000-RB","俏麗內搭褲(打底褲)-灰色 6-12月","6-12個月","6-12個月","Ruffle Butts"
"RCKLA12-0000-RB","薰衣草荷葉針織長褲 12-18月","12-18個月","12-18個月","Ruffle Butts"
"RCKLA18-0000-RB","薰衣草荷葉針織長褲 18-24月","新生","","Ruffle Butts"
"RCKLA2T-0000-RB","薰衣草荷葉針織長褲 2-3歲","2-3歲","2-3歲","Ruffle Butts"
"GJDMB18-0000-RB","好搭配！單寧拉鍊外套 18-24月","新生","","Ruffle Butts"
"GJDMB2T-0000-RB","好搭配！單寧拉鍊外套 2-3歲","2-3歲","2-3歲","Ruffle Butts"
"53181PastelKitchen-KK","頂級家家酒玩具！甜心兒童廚房","3歲以上","","KidKraft"
"53260EspressoKitchen-KK","頂級家家酒玩具！風尚兒童廚房","3歲以上","","KidKraft"
"53173RedVintageKitchen-KK","頂級家家酒玩具！經典兒童廚房(紅)","3歲以上","","KidKraft"
"53179PinkVintageKitchen-KK","頂級家家酒玩具！經典兒童廚房(粉)","3歲以上","","KidKraft"
"65275PrettyPetalHouse-KK","夢想娃娃屋！我的花瓣小木屋","3歲以上","","KidKraft"
"21201AspenTableSetWhite-KK","夢想兒童房！純白多用桌椅組","3-8歲","","KidKraft"
"26913HeartTable-KK","夢想兒童房！甜心收納桌椅組","3-8歲","","KidKraft"
"14956ToyBoxEspresso-KK","夢想兒童房！奧斯丁儲物櫃－咖啡","3-8歲","","KidKraft"
"14951ToyBoxWht-KK","夢想兒童房！奧斯丁儲物櫃－白","3-8歲","","KidKraft"
"14953ToyBoxNat-KK","夢想兒童房！奧斯丁儲物櫃－原色","3-8歲","","KidKraft"
"14221SBSHELF_NAT-KK","夢想兒童房！原色繪本收納架","2歲以上","","KidKraft"
"1008-LILACOSM","兒童專用無毒指甲油 - 魔力翡翠綠","1歲以上","","Hopscotch Kids"
"1003-LILACOSM","兒童專用無毒指甲油 - 糖果桃紅","1歲以上","","Hopscotch Kids"
"1016-LILACOSM","兒童專用無毒指甲油 - 清新陶瓷藍","1歲以上","","Hopscotch Kids"
"1015-LILACOSM","兒童專用無毒指甲油 - 甜心莓果粉","1歲以上","","Hopscotch Kids"
"1013-LILACOSM","兒童專用無毒指甲油 - 閃閃星空銀","1歲以上","","Hopscotch Kids"
"1014-LILACOSM","兒童專用無毒指甲油 - 太陽亮黃","1歲以上","","Hopscotch Kids"
"1009-LILACOSM","兒童專用無毒指甲油 - 閃閃國旗藍","1歲以上","","Hopscotch Kids"
"1010-LILACOSM","兒童專用無毒指甲油 - 搖滾銀黑","1歲以上","","Hopscotch Kids"
"1011-LILACOSM","兒童專用無毒指甲油 - 美味南瓜橙","1歲以上","","Hopscotch Kids"
"1004-LILACOSM","兒童專用無毒指甲油 - 蘋果鮮紅","1歲以上","","Hopscotch Kids"
"E525001-EDUSHP","繽紛彩色水中玩具組","1歲以上","","Edushape"
"E547023-EDUSHP","洗澡貼貼樂－時尚換裝秀","3歲以上","","Edushape"
"E547024-EDUSHP","洗澡貼貼樂－車車上路去","3歲以上","","Edushape"
"E547005-EDUSHP","洗澡貼貼樂－叢林動物秀","2歲以上","","Edushape"
"E915019-EDUSHP","洗澡貼貼樂－字母釣魚好好玩","3歲以上","","Edushape"
"E526023-EDUSHP","洗澡貼貼樂－幾何形狀鏡子組","1歲以上","","Edushape"
"E909006-EDUSHP","可水洗自動蠟筆組","3歲以上","","Edushape"
"E706132-EDUSHP","無毒安全遊戲墊-36片裝","3歲以上","","Edushape"
"E706150-EDUSHP","無毒安全遊戲墊-26片裝","3歲以上","","Edushape"
"E705175-EDUSHP","感官發展遊戲球-小球4件組","6個月以上","","Edushape"
"E851003-EDUSHP","捲捲蝸牛音樂琴","6個月以上","","Edushape"
"E975054-EDUSHP","益智!磁吸形狀組-54片裝","3歲以上","","Edushape"
"E716167-EDUSHP","感官刺激系列-凸點積木組","2歲以上","","Edushape"
"E705191-EDUSHP","Big Size 感官發展遊戲球","6個月以上","","Edushape"
"6973-LEARN","掌上型ABC & 123電子學習機","4-6歲","","Learning Resources"
"1455-LEARN","冰箱拼拼樂！數字/字母遊戲桶(116片裝)","3-8歲","","Learning Resources"
"6906-LEARN","數學好好玩！加減乘除－打地鼠遊戲機","6-11歲","","Learning Resources"
"2781-LEARN","探索大自然!昆蟲觀察放大罐6件組","3-6歲","","Learning Resources"
"2421-LEARN","小小科學家！兒童望遠鏡","3-10歲","","Learning Resources"
"9162-LEARN","轉轉齒輪建構遊戲組","3-10歲","","Learning Resources"
"9153-LEARN","小小工程師!幼兒專用捲尺","3-6歲","","Learning Resources"
"2690-LEARN","聲光互動!好好玩仿真收銀機","3-9歲","","Learning Resources"
"2665-LEARN","輕鬆學會記號碼－仿真教學電話","3-6歲","","Learning Resources"
"85001-Shrunks","旅行便攜充氣床組(兒童)","2歲以上","","The Shrunks"
"88028-Shrunks","旅行便攜充氣床組(單人)","新生","","The Shrunks"
"88046-Shrunks","加拿大 The Shrunks 安全充氣床檔","2歲以上","","The Shrunks"
"88051-SHRUNKS","兒童充氣床專用床單-白","2歲以上","","The Shrunks"
"5008-LILACOSM","無毒亮彩指甲油 - 神秘紫絨","1歲以上","","Scotch Naturals"
"5026-LILACOSM","無毒亮彩指甲油 - 時尚深酒紅","1歲以上","","Scotch Naturals"
"5025-LILACOSM","無毒亮彩指甲油 - 優雅櫻桃紅","1歲以上","","Scotch Naturals"
"5017-LILACOSM","無毒亮彩指甲油 - 沉穩桑紅","1歲以上","","Scotch Naturals"
"5028-LILACOSM","無毒亮彩指甲油 - 閃耀覆盆子","1歲以上","","Scotch Naturals"
"5023-LILACOSM","無毒亮彩指甲油 - 熱情紅粉","1歲以上","","Scotch Naturals"
"5005-LILACOSM","無毒亮彩指甲油 - 活力洋紅","1歲以上","","Scotch Naturals"
"5033-LILACOSM","無毒亮彩指甲油 - 俏麗桃紅","1歲以上","","Scotch Naturals"
"5029-LILACOSM","無毒亮彩指甲油 - 名媛香檳金","1歲以上","","Scotch Naturals"
"5027-LILACOSM","無毒亮彩指甲油 - 閃耀亮金","1歲以上","","Scotch Naturals"
"2350-LEARN","學習好夥伴!歡樂小狗互動筆","4-6歲","","Learning Resources"
"2349-LEARN","學習好夥伴!可愛貓咪互動筆","4-6歲","","Learning Resources"
"2351-LEARN","學前教育!認識字母-雙面點讀卡","3-6歲","","Learning Resources"
"2353-LEARN","學前教育!認識數字-雙面點讀卡","3-6歲","","Learning Resources"
"2355-LEARN","學前教育!認識形狀-雙面點讀卡","3-6歲","","Learning Resources"
"2354-LEARN","學前教育!認識顏色-雙面點讀卡","3-6歲","","Learning Resources"
"2384-LEARN","互動式故事書(四本書+歡樂小狗互動筆)","3-6歲","","Learning Resources"
"HDJr4Pack+Ace-LEARN","雙面點讀卡學習四件組+歡樂小狗互動筆","3-6歲","","Learning Resources"
"HDJr4Pack+KatPen-LEARN","雙面點讀卡學習四件組+可愛貓咪互動筆","3-6歲","","Learning Resources"
"SDCBK12-FOD0-RB","緞帶玫瑰燈芯絨洋裝 12-18月","12-18個月","12-18個月","Ruffle Butts"
"SDSRD06-RUO0-RB","絲緞荷葉小禮服 6-12月","6-12個月","6-12個月","Ruffle Butts"
"SDSRD12-RUO0-RB","絲緞荷葉小禮服 12-18月","12-18個月","12-18個月","Ruffle Butts"
"SDSRD18-RUO0-RB","絲緞荷葉小禮服 18-24月","新生","","Ruffle Butts"
"SDSRD2T-RUO0-RB","絲緞荷葉小禮服 2-3歲","2-3歲","2-3歲","Ruffle Butts"
"SDWPI06-RU00-RB","粉紅佳人-荷葉小洋裝 6-12月","6-12個月","6-12個月","Ruffle Butts"
"SDWPI12-RU00-RB","粉紅佳人-荷葉小洋裝 12-18月","12-18個月","12-18個月","Ruffle Butts"
"SDWPI18-RU00-RB","粉紅佳人-荷葉小洋裝 18-24月","新生","","Ruffle Butts"
"SDWPI2T-RU00-RB","粉紅佳人-荷葉小洋裝 2-3歲","2-3歲","2-3歲","Ruffle Butts"
"SKSWH03-WS22-RB","白色亮片蓬蓬裙 3-6月","3-6個月","3-6個月","Ruffle Butts"
"SKSWH06-WS22-RB","白色亮片蓬蓬裙 6-12月","6-12個月","6-12個月","Ruffle Butts"
"SKSWH12-WS22-RB","白色亮片蓬蓬裙 12-18月","12-18個月","12-18個月","Ruffle Butts"
"SKSWH18-WS22-RB","白色亮片蓬蓬裙 18-24月","新生","","Ruffle Butts"
"SKSWH2T-WS22-RB","白色亮片蓬蓬裙 2-3歲","2-3歲","2-3歲","Ruffle Butts"
"SKSWH3T-WS22-RB","白色亮片蓬蓬裙 3-4歲","3-4歲","3-4歲","Ruffle Butts"
"SKSPI18-PM22-RB","粉紫蝴蝶結蓬蓬裙 18-24月","新生","","Ruffle Butts"
"SKSPI2T-PM22-RB","粉紫蝴蝶結蓬蓬裙 2-3歲","2-3歲","2-3歲","Ruffle Butts"
"SKSPI3T-PM22-RB","粉紫蝴蝶結蓬蓬裙 3-4歲","3-4歲","3-4歲","Ruffle Butts"
"RLKWH00-0000-RB","俏麗內搭褲(打底褲)-白色-0-6月","新生","","Ruffle Butts"
"RLKWH06-0000-RB","俏麗內搭褲(打底褲)-白色-6-12月","6-12個月","6-12個月","Ruffle Butts"
"RLKWH12-0000-RB","俏麗內搭褲(打底褲)-白色-12-24月","1-2歲","1-2歲","Ruffle Butts"
"RLKWH2T-0000-RB","俏麗內搭褲(打底褲)-白色-2-5歲","2-5歲","","Ruffle Butts"
"HOKPI18-PS00-RB","甜美荷葉開襟小外衣-18-24月","18-24個月","18-24個月","Ruffle Butts"
"SSKFU06-PRC0-RB","小桃紅荷葉領Polo衫-6-12月","6-12個月","6-12個月","Ruffle Butts"
"SSKFU12-PRC0-RB","小桃紅荷葉領Polo衫-12-18月","12-18個月","12-18個月","Ruffle Butts"
"SSKFU18-PRC0-RB","小桃紅荷葉領Polo衫-18-24月","新生","","Ruffle Butts"
"SSKFU2T-PRC0-RB","小桃紅荷葉領Polo衫-2-3歲","2-3歲","2-3歲","Ruffle Butts"
"SSKFU3T-PRC0-RB","小桃紅荷葉領Polo衫-3-4歲","3-4歲","3-4歲","Ruffle Butts"
"PGKPL2T-PLO0-RB","俏麗荷葉!運動短褲(安全褲)-紫-2-3歲","2-3歲","2-3歲","Ruffle Butts"
"PGKPL3T-PLO0-RB","俏麗荷葉!運動短褲(安全褲)-紫-3-4歲","3-4歲","3-4歲","Ruffle Butts"
"PGKNV2T-NAO0-RB","俏麗荷葉!運動短褲(安全褲)-藍-2-3歲","2-3歲","2-3歲","Ruffle Butts"
"PGKNV3T-NAO0-RB","俏麗荷葉!運動短褲(安全褲)-藍-3-4歲","3-4歲","3-4歲","Ruffle Butts"
"MBN001-MIXIE","第一級奶嘴","新生","","Mixie Baby"
"MBN002-MIXIE","第二級奶嘴","新生","6-9個月","Mixie Baby"
"R2C-FU-1-PLUIE","兒童雨衣-透明桃紅 Size 1/2","1-3歲","","Pluie Pluie"
"R2B-FU-6-PLUIE","兒童雨靴-桃紅 Size 6","新生","","Pluie Pluie"
"R2U-FU-PLUIE","兒童雨傘-透明桃紅","1-6歲","","Pluie Pluie"
"R2C-FU-2-PLUIE","兒童雨衣-透明桃紅 Size 2/3","新生","","Pluie Pluie"
"R2C-FU-4-PLUIE","兒童雨衣-透明桃紅 Size 4/5","4-6歲","","Pluie Pluie"
"R2B-FU-8-PLUIE","兒童雨靴-桃紅 Size 8","新生","","Pluie Pluie"
"RC-FP-1-PLUIE","兒童雨衣-繽紛花季 Size 1/2","1-3歲","","Pluie Pluie"
"RC-FP-2-PLUIE","兒童雨衣-繽紛花季 Size 2/3","新生","","Pluie Pluie"
"RC-FP-4-PLUIE","兒童雨衣-繽紛花季 Size 4/5","4-6歲","","Pluie Pluie"
"RB-FP-6-PLUIE","兒童雨靴-繽紛花季 Size 6","新生","","Pluie Pluie"
"RU-FP-PLUIE","兒童雨傘-繽紛花季","1-6歲","","Pluie Pluie"
"RC-CD-1-PLUIE","兒童雨衣-甜蜜糖果 Size 1/2","1-3歲","","Pluie Pluie"
"RC-CD-2-PLUIE","兒童雨衣-甜蜜糖果 Size 2/3","新生","","Pluie Pluie"
"RC-CD-4-PLUIE","兒童雨衣-甜蜜糖果 Size 4/5","4-6歲","","Pluie Pluie"
"RB-CD-6-PLUIE","兒童雨靴-甜心圓點 Size 6","新生","","Pluie Pluie"
"RB-CD-8-PLUIE","兒童雨靴-甜心圓點 Size 8","新生","","Pluie Pluie"
"RU-CD-PLUIE","兒童雨傘-甜蜜糖果","1-6歲","","Pluie Pluie"
"RC-CC-1-PLUIE","兒童雨衣-幾何圓點 Size 1/2","1-3歲","","Pluie Pluie"
"RC-CC-2-PLUIE","兒童雨衣-幾何圓點 Size 2/3","新生","","Pluie Pluie"
"RC-CC-4-PLUIE","兒童雨衣-幾何圓點 Size 4/5","4-6歲","","Pluie Pluie"
"RB-CC-6-PLUIE","兒童雨靴-幾何圓點 Size 6","新生","","Pluie Pluie"
"RB-CC-8-PLUIE","兒童雨靴-幾何圓點 Size 8","新生","","Pluie Pluie"
"RB-CC-10-PLUIE","兒童雨靴-幾何圓點 Size 10","新生","","Pluie Pluie"
"RU-CC-PLUIE","兒童雨傘-幾何圓點","1-6歲","","Pluie Pluie"
"RC-NB-1-PLUIE","兒童雨衣-時尚藍紋 Size 1/2","1-3歲","","Pluie Pluie"
"RC-NB-2-PLUIE","兒童雨衣-時尚藍紋 Size 2/3","新生","","Pluie Pluie"
"RC-NB-4-PLUIE","兒童雨衣-時尚藍紋 Size 4/5","4-6歲","","Pluie Pluie"
"RB-NB-6-PLUIE","兒童雨靴-時尚藍紋 Size 6","新生","","Pluie Pluie"
"RB-NB-8-PLUIE","兒童雨靴-時尚藍紋 Size 8","新生","","Pluie Pluie"
"RB-NB-10-PLUIE","兒童雨靴-時尚藍紋 Size 10","新生","","Pluie Pluie"
"RU-NB-PLUIE","兒童雨傘-時尚藍紋","1-6歲","","Pluie Pluie"
"RC-PD-1-PLUIE","兒童雨衣-甜心泡泡糖 Size 1/2","1-3歲","","Pluie Pluie"
"RC-PD-2-PLUIE","兒童雨衣-甜心泡泡糖 Size 2/3","新生","","Pluie Pluie"
"RC-PD-4-PLUIE","兒童雨衣-甜心泡泡糖 Size 4/5","4-6歲","","Pluie Pluie"
"RB-PD-6-PLUIE","兒童雨靴-甜心泡泡糖 Size 6","新生","","Pluie Pluie"
"RB-PD-8-PLUIE","兒童雨靴-甜心泡泡糖 Size 8","新生","","Pluie Pluie"
"RB-PD-10-PLUIE","兒童雨靴-甜心泡泡糖 Size 10","新生","","Pluie Pluie"
"RU-PD-PLUIE","兒童雨傘-甜心泡泡糖","1-6歲","","Pluie Pluie"
"RC-GP-1-PLUIE","兒童雨衣-俏麗綠格 Size 1/2","1-3歲","","Pluie Pluie"
"RC-GP-2-PLUIE","兒童雨衣-俏麗綠格 Size 2/3","新生","","Pluie Pluie"
"RC-GP-4-PLUIE","兒童雨衣-俏麗綠格 Size 4/5","4-6歲","","Pluie Pluie"
"RB-GP-6-PLUIE","兒童雨靴-俏麗綠格 Size 6","新生","","Pluie Pluie"
"RB-GP-8-PLUIE","兒童雨靴-俏麗綠格 Size 8","新生","","Pluie Pluie"
"RB-GP-10-PLUIE","兒童雨靴-俏麗綠格 Size 10","新生","","Pluie Pluie"
"RU-GP-PLUIE","兒童雨傘-俏麗綠格","1-6歲","","Pluie Pluie"
"RC-RK-1-PLUIE","兒童雨衣-宇宙小火箭 Size 1/2","1-3歲","","Pluie Pluie"
"RC-RK-2-PLUIE","兒童雨衣-宇宙小火箭 Size 2/3","新生","","Pluie Pluie"
"RC-RK-4-PLUIE","兒童雨衣-宇宙小火箭 Size 4/5","4-6歲","","Pluie Pluie"
"RB-RK-6-PLUIE","兒童雨靴-宇宙小火箭 Size 6","新生","","Pluie Pluie"
"RB-RK-8-PLUIE","兒童雨靴-宇宙小火箭 Size 8","新生","","Pluie Pluie"
"RB-RK-10-PLUIE","兒童雨靴-宇宙小火箭 Size 10","新生","","Pluie Pluie"
"RU-RK-PLUIE","兒童雨傘-宇宙小火箭","1-6歲","","Pluie Pluie"
"R2C-NY-1-PLUIE","兒童雨衣-透明海軍藍 Size 1/2","1-3歲","","Pluie Pluie"
"R2C-NY-2-PLUIE","兒童雨衣-透明海軍藍 Size 2/3","新生","","Pluie Pluie"
"R2C-NY-4-PLUIE","兒童雨衣-透明海軍藍 Size 4/5","4-6歲","","Pluie Pluie"
"R2B-NY-6-PLUIE","兒童雨靴-海軍藍 Size 6","新生","","Pluie Pluie"
"R2B-NY-8-PLUIE","兒童雨靴-海軍藍 Size 8","新生","","Pluie Pluie"
"R2B-NY-10-PLUIE","兒童雨靴-海軍藍 Size 10","新生","","Pluie Pluie"
"R2U-NY-PLUIE","兒童雨傘-透明海軍藍","1-6歲","","Pluie Pluie"
"RB-PS-6-PLUIE","兒童雨靴-粉紅條紋 Size 6","新生","","Pluie Pluie"
"RB-PS-8-PLUIE","兒童雨靴-粉紅條紋 Size 8","新生","","Pluie Pluie"
"CAD-walrus-3SP","童趣風多用便利托特包 - 小海象","新生","","3 Sprouts"
"BOX-dragon-3SP","俏皮動物收納箱 - 飛天小龍","新生","","3 Sprouts"
"BOX-pcock-3SP","俏皮動物收納箱 - 可愛藍孔雀","新生","","3 Sprouts"
"BOX-unicorn-3SP","俏皮動物收納箱 - 粉紅獨角獸","新生","","3 Sprouts"
"BIN-bear-3SP","俏皮動物輕巧收納桶 - 胖胖小熊","新生","","3 Sprouts"
"BIN-camel-3SP","俏皮動物輕巧收納桶 - 草原駱駝","新生","","3 Sprouts"
"BIN-Owl-3SP","俏皮動物輕巧收納桶 - 大眼貓頭鷹","新生","","3 Sprouts"
"RDM2T-EROSE","璀璨無袖連身裙 2T","2-3歲","2-3歲","The Ellie Rose"
"RDM3T-EROSE","璀璨無袖連身裙 3T","3-4歲","3-4歲","The Ellie Rose"
"PDO6-12M-EROSE","浪漫海洋綁帶小洋裝 6-12個月","6-12個月","6-12個月","The Ellie Rose"
"CDP18M-EROSE","花漾連身裙(神秘紫) 12-18個月","12-18個月","12-18個月","The Ellie Rose"
"CDO18M-EROSE","花漾連身裙(亮麗橙) 12-18個月","12-18個月","12-18個月","The Ellie Rose"
"CDO2T-EROSE","花漾連身裙(亮麗橙) 2-3歲","2-3歲","2-3歲","The Ellie Rose"
"KTO18M-EROSE","夏威夷風情長版上衣(亮麗橙) 12-18個月","12-18個月","12-18個月","The Ellie Rose"
"KTO2T-EROSE","夏威夷風情長版上衣(亮麗橙) 2-3歲","2-3歲","2-3歲","The Ellie Rose"
"KTO3T-EROSE","夏威夷風情長版上衣(亮麗橙) 3-4歲","3-4歲","3-4歲","The Ellie Rose"
"KTG18M-EROSE","夏威夷風情長版上衣(閃耀金) 12-18個月","12-18個月","12-18個月","The Ellie Rose"
"KTG2T-EROSE","夏威夷風情長版上衣(閃耀金) 2-3歲","2-3歲","2-3歲","The Ellie Rose"
"KTG3T-EROSE","夏威夷風情長版上衣(閃耀金) 3-4歲","3-4歲","3-4歲","The Ellie Rose"
"MDO18M-EROSE","時尚拼接無袖連身裙(亮麗橙) 12-18個月","12-18個月","12-18個月","The Ellie Rose"
"MDO2T-EROSE","時尚拼接無袖連身裙(亮麗橙) 2-3歲","2-3歲","2-3歲","The Ellie Rose"
"MDO3T-EROSE","時尚拼接無袖連身裙(亮麗橙) 3-4歲","3-4歲","3-4歲","The Ellie Rose"
"EDLD6-12M-EROSE","繽紛夏日-可調式肩帶無袖小洋裝 6-12mos","6-12個月","6-12個月","The Ellie Rose"
"EDLD2T-EROSE","繽紛夏日-可調式肩帶無袖小洋裝 2-3歲","2-3歲","2-3歲","The Ellie Rose"
"EDLD3T-EROSE","繽紛夏日-可調式肩帶無袖小洋裝 3-4歲","3-4歲","3-4歲","The Ellie Rose"
"GTWCH12-RF00-RB","悠閒假日卡其小短褲-12-18月","12-18個月","12-18個月","Ruffle Butts"
"GTWCH18-RF00-RB","悠閒假日卡其小短褲-18-24月","新生","","Ruffle Butts"
"GTWCH2T-RF00-RB","悠閒假日卡其小短褲-2-3歲","2-3歲","2-3歲","Ruffle Butts"
"GTWCH3T-RF00-RB","悠閒假日卡其小短褲-3-4歲","3-4歲","3-4歲","Ruffle Butts"
"ONKTE00-TES0-RB","超吸睛!荷葉緞飾連身屁屁衣-藍綠-0-3月","新生","0-3個月","Ruffle Butts"
"ONKTE03-TES0-RB","超吸睛!荷葉緞飾連身屁屁衣-藍綠-3-6月","3-6個月","3-6個月","Ruffle Butts"
"ONKTE06-TES0-RB","超吸睛!荷葉緞飾連身屁屁衣-藍綠-6-12月","6-12個月","6-12個月","Ruffle Butts"
"ONKTE12-TES0-RB","超吸睛!荷葉緞飾連身屁屁衣-藍綠-12-18月","12-18個月","12-18個月","Ruffle Butts"
"ONKTE18-TES0-RB","超吸睛!荷葉緞飾連身屁屁衣-藍綠-18-24月","18-24個月","18-24個月","Ruffle Butts"
"ONMPI12-USLS-RB","百搭!粉紅荷葉袖-連身包屁衣-18-24月","18-24個月","18-24個月","Ruffle Butts"
"BCKBR03-MOMO-RB","""媽咪的小怪物’’鬆緊帶純棉長褲-棕-3-6月","3-6個月","3-6個月","Ruffle Butts"
"BCKBR06-MOMO-RB","""媽咪的小怪物’’鬆緊帶純棉長褲-棕-6-12月","6-12個月","6-12個月","Ruffle Butts"
"SPKFU06-FUO0-RB","超柔!可愛荷葉屁屁彈性長褲(6-12月)","6-12個月","9-12個月","Ruffle Butts"
"BOKOL00-SM00-RB","小猴子連身包屁衣-橄欖綠-0-3月","新生","0-3個月","Ruffle Butts"
"BOKOL03-SM00-RB","小猴子連身包屁衣-橄欖綠-3-6月","3-6個月","3-6個月","Ruffle Butts"
"BOKOL06-SM00-RB","小猴子連身包屁衣-橄欖綠-6-12月","6-12個月","6-12個月","Ruffle Butts"
"P4BRS-EdgePub","練習簿 - 學齡前四冊組","新生","","Edgeucational Publishing"
"K4BRS-EdgePub","練習簿 - 幼稚園四冊組    ","新生","","Edgeucational Publishing"
"14BRS-EdgePub","練習簿- 一年級四冊組   ","新生","","Edgeucational Publishing"
"2629-LEARN","超有趣！太陽能收銀計算機","3-8歲","","Learning Resources"
"9082-LEARN","天才小神廚！豪華料理遊戲組","3-5歲","","Learning Resources"
"3294-LEARN","「我會自己來!」可吃可玩餐具組","2-7歲","","Learning Resources"
"9155-LEARN","家家酒彩色鍋具組","3-6歲","","Learning Resources"
"9266-LEARN","郊遊野餐籃－15件食玩組","2-6歲","","Learning Resources"
"9730-LEARN","豪華早餐籃－16件食玩組","2-8歲","","Learning Resources"
"9732-LEARN","豪華晚餐籃－18件食玩組","2-8歲","","Learning Resources"
"9720-LEARN","水果攤食玩組","2-8歲","","Learning Resources"
"7287-LEARN","寶貝切切樂！健康蔬果食玩組","3-6歲","","Learning Resources"
"9077-LEARN","冰淇淋創意食玩-豪華商店組","3-5歲","","Learning Resources"
"9048-LEARN","專業醫師工具箱－19件組","3-6歲","","Learning Resources"
"7201-LEARN","聰明點心！數字餅乾罐","2-5歲","","Learning Resources"
"7203-LEARN","聰明點心！美味甜筒-顏色單字組","2-5歲","","Learning Resources"
"7207-LEARN","聰明點心！披薩切切樂-認識分數組","2-5歲","","Learning Resources"
"1422-6m-Tomat","奔速閃電-長袖Ｔ(深灰6m) ","6-12個月","6-12個月","Tomat Kids"
"1422-12m-Tomat","奔速閃電-長袖Ｔ(深灰12m)   ","12-18個月","12-18個月","Tomat Kids"
"1442-6m-Tomat","奔速閃電-長褲(深灰6m)","6-12個月","6-12個月","Tomat Kids"
"1442-12m-Tomat","奔速閃電-長褲(深灰12m)","12-18個月","12-18個月","Tomat Kids"
"1421-6m-Tomat","閃爍星空-長袖Ｔ(深灰6m)    ","6-12個月","6-12個月","Tomat Kids"
"1421-12m-Tomat","閃爍星空-長袖Ｔ(深灰12m)    ","12-18個月","12-18個月","Tomat Kids"
"1441-6m-Tomat","星星有機棉長褲(深灰6m) ","6-12個月","6-12個月","Tomat Kids"
"1441-12m-Tomat","星星有機棉長褲(深灰12m) ","12-18個月","12-18個月","Tomat Kids"
"1301-12m-Tomat","愛的氣息-連身包屁衣(淺灰12m)","12-18個月","12-18個月","Tomat Kids"
"8002-2T-Tomat","優雅單車-連身包屁衣(銀河藍2T) ","新生","","Tomat Kids"
"1411-12m-Tomat","粉紅星空-小洋裝(粉12M)","12-18個月","12-18個月","Tomat Kids"
"1411-2T-Tomat","粉紅星空-小洋裝(粉2T)","新生","","Tomat Kids"
"1104-12m-Tomat","水藍荷葉-小洋裝(鳥兒12M)","12-18個月","12-18個月","Tomat Kids"
"1104-2T-Tomat","水藍荷葉-小洋裝(鳥兒2T)","新生","","Tomat Kids"
"9011-12m-Tomat","水藍荷葉-小洋裝(樹葉12m) ","12-18個月","12-18個月","Tomat Kids"
"9011-2T-Tomat","水藍荷葉-小洋裝(樹葉2T) ","新生","","Tomat Kids"
"LimBwlr2y-CB","純棉草綠淺藍襯衫(1-2y)","1-2歲","1-2歲","The Cutey Booty"
"LimBwlr3y-CB","純棉草綠淺藍襯衫(2-3y)","新生","","The Cutey Booty"
"MstBwlr2y-CB","純棉藍白襯衫(1-2歲)","1-2歲","1-2歲","The Cutey Booty"
"MstBwlr3y-CB","純棉藍白襯衫(2-3歲)","新生","","The Cutey Booty"
"LimBrtch2yA-CB","草綠純棉休閒褲 - 英文a (1-2歲)","1-2歲","1-2歲","The Cutey Booty"
"LimBrtch3yA-CB","草綠純棉休閒褲 - 英文a (2-3歲)","新生","","The Cutey Booty"
"LimBrtch3yWhl-CB","草綠純棉休閒褲 - 小鯨魚 (2-3歲)","新生","","The Cutey Booty"
"MstBrtch2yC-CB","淡藍純棉休閒褲 - 英文字c (1-2歲)","1-2歲","1-2歲","The Cutey Booty"
"MstBrtch3yC-CB","淡藍純棉休閒褲 - 英文字c (2-3歲)","新生","","The Cutey Booty"
"CrlBrtch2yB-CB","粉橘純棉休閒褲 - 英文字b (1-2歲)","1-2歲","1-2歲","The Cutey Booty"
"CrlBrtch3yB-CB","粉橘純棉休閒褲 - 英文字b (2-3歲)","新生","","The Cutey Booty"
"MstBrtch3yWhl-CB","白色純棉休閒褲 - 小鯨魚 (2-3歲)","新生","","The Cutey Booty"
"CrlBlmr1yTrtl-CB","粉橘燈籠褲 - 調皮烏龜 (0-1歲)","新生","","The Cutey Booty"
"CrlBlmr1yB-CB","粉橘燈籠褲 - 英文字b (0-1歲)","新生","","The Cutey Booty"
"CrlBlmr1yBrd-CB","白底燈籠褲 - 小鳥 (0-1歲)","新生","","The Cutey Booty"
"CrlBlmr1yC-CB","白底燈籠褲 - 英文字c (0-1歲)","新生","","The Cutey Booty"
"LimBlmr1yA-CB","白色燈籠褲 - 泡泡糖 (0-1歲)","新生","","The Cutey Booty"
"MstBxr1yi-CB","淡藍純棉短褲 - 英文字i (0-1歲)","新生","","The Cutey Booty"
"MstBxr2yi-CB","淡藍純棉短褲 - 英文字i (1-2歲)","1-2歲","1-2歲","The Cutey Booty"
"MstBxr2ySea-CB","淡藍純棉短褲 - 小海馬 (1-2歲)","1-2歲","1-2歲","The Cutey Booty"
"MstBxr1yW-CB","白底藍字彈性短褲 - 英文字w (0-1歲)","新生","","The Cutey Booty"
"MstBxr2yW-CB","白底藍字彈性短褲 - 英文字w (1-2歲)","1-2歲","1-2歲","The Cutey Booty"
"MstBxr2yWhl-CB","白底彈性短褲 - 小鯨魚 (1-2歲)","1-2歲","1-2歲","The Cutey Booty"
"35NFE01S-EdgePub","繽紛數目圖片閃卡","新生","","Edgeucational Publishing"
"36TFE01S-EdgePub","可愛字母學習閃卡","新生","","Edgeucational Publishing"
"36WFC01S-EdgePub","逗趣字母拼字閃卡","新生","","Edgeucational Publishing"
"47AFW01S-EdgePub","聰明數字運算轉盤","新生","","Edgeucational Publishing"
"I2-821-306-NB-UN","有機認證埃及棉-側綁嬰兒衣褲組(粉)","新生","","Under The Nile"
"I2-821-307-NB-UN","有機認證埃及棉-側綁嬰兒衣褲組(藍)","新生","","Under The Nile"
"I2-822-306-NB-UN","有機認證埃及棉-側扣嬰兒長袍(粉)","新生","","Under The Nile"
"I2-822-307-NB-UN","有機認證埃及棉-側扣嬰兒長袍(藍)","新生","","Under The Nile"
"I2-819-306-NB-UN","有機認證埃及棉-側扣連身包腳兔裝(粉)","新生","","Under The Nile"
"I2-819-307-NB-UN","有機認證埃及棉-側扣連身包腳兔裝(藍)","新生","","Under The Nile"
"I20-776-273-BU-UN","有機認證!透氣棉紗嬰兒帽","新生","","Under The Nile"
"I20-775-273-TG-UN","有機認證!透氣棉紗側綁連身和服","新生","0-3個月","Under The Nile"
"I20-713-273-TG-UN","有機認證!透氣有機棉紗側扣肚衣長褲組","","0-3個月","Under The Nile"
"I2-836-304-TG-UN","有機認證埃及棉-連身包屁洋裝","6-9個月","6-9個月","Under The Nile"
"BBR-Navy9m-UN","有機認證埃及棉-活力包屁衣(6-9M)","6-9個月","6-9個月","Under The Nile"
"BBR-Navy18m-UN","有機認證埃及棉-活力包屁衣(12-18M)","12-18個月","12-18個月","Under The Nile"
"RWL-Navy-9mo-UN","埃及有機認證棉! 寶寶反摺束腳長褲(6-9M)","6-9個月","6-9個月","Under The Nile"
"RWL-Navy-18mo-UN","埃及有機認證棉! 寶寶反摺束腳長褲(12-18M)","12-18個月","12-18個月","Under The Nile"
"SH-Wht-12mo-UN","有機認證埃及棉!小天使遮陽帽(3-12M)","3-12個月","","Under The Nile"
"SH-Wht-18mo-UN","有機認證埃及棉!小天使遮陽帽(12-24M)","1-2歲","1-2歲","Under The Nile"
"2PCPOPLINWHT-12M-UN","有機認證埃及棉!小天使衣褲組(12m)","6-12個月","6-12個月","Under The Nile"
"2PCPOPLINWHT-18M-UN","有機認證埃及棉!小天使衣褲組(18m)","12-18個月","12-18個月","Under The Nile"
"2PCPOPLINWHT-24M-UN","有機認證埃及棉!小天使衣褲組(24m)","18-24個月","18-24個月","Under The Nile"
"I10-816-305-TG-UN","有機認證埃及棉!夏季花朵肩帶連身褲(6-9m)","6-9個月","6-9個月","Under The Nile"
"RDBlmr-Wht-6mo-UN","有機認證埃及棉!小天使肩帶連身包屁篷篷洋裝(3-6m)","3-6個月","3-6個月","Under The Nile"
"RDBlmr-Wht-9mo-UN","有機認證埃及棉!小天使肩帶連身包屁篷篷洋裝(6-9m)","6-9個月","6-9個月","Under The Nile"
"SHFloral-Pnk-12mo-UN","有機認證埃及棉!夏季彩花遮陽帽(3-12m)","3-12個月","","Under The Nile"
"SHFloral-Pnk-24mo-UN","有機認證埃及棉!夏季彩花遮陽帽(12-24m)","1-2歲","1-2歲","Under The Nile"
"mbb1004+mbn001-mixie","Mixie Baby 3合1聰明奶瓶 / 奶嘴組合4oz (120 cc)","新生到4個月","","Mixie Baby"
"mbb1008+mbn002-mixie","Mixie Baby 3合1聰明奶瓶 / 奶嘴組合8oz (240 cc)","3個月以上","","Mixie Baby"
"Bundle-FU-PLUIE","Pluie FU Bundle","","","Pluie Pluie"
"SSFOX1ZNAT-CLK","認證有機/小狐狸包臀衣","","","Colette Kids"
"starter-kiinde","預購開跑！Kiinde立食樂母乳輔具組入門款 ","","","Kiinde"
"RB-FP-10-PLUIE","兒童雨靴-繽紛花季 Size 10","","","Pluie Pluie"
"RB-FP-8-PLUIE","兒童雨靴-繽紛花季 Size 8","","","Pluie Pluie"
"RB-PS-10-PLUIE","兒童雨靴-粉紅條紋 Size 10","","","Pluie Pluie"
"pouche20-kiinde","立食樂珍奶包(20包)","","","Kiinde"
"pouche40-kiinde","立食樂珍奶包(40包)","","","Kiinde"
"adapter-kiinde","珍奶包專用轉接頭","","","Kiinde"
"holder-kiinde","立食樂珍奶包存放架","","","Kiinde"
"warmer-kiinde","奶瓶/母乳加熱器","","","Kiinde"
"bottle-kiinde","自然餵奶瓶組","","","Kiinde"
"bathhambubs-BJ","沐浴吊床-海洋天堂","新生到6個月","","Baby's Journey"
"bathhamfish-BJ","沐浴吊床-海底總動員","新生到6個月","","Baby's Journey"
"bathhamwhle-BJ","沐浴吊床-唱歌鯨魚","新生到6個月","","Baby's Journey"
"babysitter-BJ","寶貝座椅套","6-24個月","","Baby's Journey"
"","寶貝座椅套","6-24個月","","Baby's Journey"
