"store","websites","attribute_set","type","sku","age","gender","size","dimension","visibility","featured","status","store_id","product_type_id"
"admin","base","Default","simple","FB20-WCARTS",,,,,"Catalog, Search","No","Enabled",0,"simple"
"admin","base","Default","simple","SeasonOS-WCARTS",,,,,"Catalog, Search","No","Enabled",0,"simple"
"admin","base","Default","simple","FB19-WCARTS",,,,,"Catalog, Search","No","Enabled",0,"simple"
"admin","base","Default","simple","IHartOwl-WCARTS",,,,,"Catalog, Search","No","Enabled",0,"simple"
"admin","base","Default","simple","DottiLicious-WCARTS",,,,,"Catalog, Search","No","Enabled",0,"simple"
"admin","base","Default","simple","FlutterFlies2-WCARTS",,,,,"Catalog, Search","No","Enabled",0,"simple"
"admin","base","Default","simple","OverlapHearts-WCARTS",,,,,"Catalog, Search","No","Enabled",0,"simple"
"admin","base","Default","simple","Blossoms-WCARTS",,,,,"Catalog, Search","No","Enabled",0,"simple"
"admin","base","Default","simple","7323-ZZ-CLOUDB","2歲以上","男,女",,,"Catalog, Search","Yes","Enabled",0,"simple"
"admin","base","Default","simple","7353-ZZ-CLOUDB","2歲以上","男,女",,,"Catalog, Search","No","Enabled",0,"simple"
"admin","base","Default","simple","7333-ZZ-CLOUDB","2歲以上","男,女",,,"Catalog, Search","No","Enabled",0,"simple"
"admin","base","Default","simple","7303-ZZ-CLOUDB","新生","男,女",,"35.3cm x 24.9cm x 17.78cm","Catalog, Search","No","Enabled",0,"simple"
"admin","base","Default","simple","1266-MELDOUG","2歲以上","男,女",,"包裝約30 x 22 x 9 cm","Catalog, Search","No","Enabled",0,"simple"
"admin","base","Default","simple","1269-MELDOUG","2歲以上","男,女",,"包裝約31 x 23 x 5.5 cm","Catalog, Search","No","Enabled",0,"simple"
"admin","base","Default","simple","2191-MELDOUG","2歲以上","男,女",,"包裝約23 x 22 x 18 cm","Catalog, Search","No","Enabled",0,"simple"
"admin","base","Default","simple","2281-MELDOUG","1歲以上","男,女",,"包裝約29.8 x 29.8 x 31.8 cm","Catalog, Search","No","Enabled",0,"simple"
"admin","base","Default","simple","2783-MELDOUG","2歲以上","男,女",,"包裝約32 x 14 x 42 cm","Catalog, Search","No","Enabled",0,"simple"
"admin","base","Default","simple","3039-MELDOUG","9個月以上","男,女",,"包裝約30 x 24 x 23 cm","Catalog, Search","No","Enabled",0,"simple"
"admin","base","Default","simple","3044-MELDOUG","6個月以上","男,女",,"包裝約30 x 15 x 20 cm","Catalog, Search","No","Enabled",0,"simple"
"admin","base","Default","simple","3066-MELDOUG","9個月以上","男,女",,"包裝約30 x 17 x 17 cm","Catalog, Search","No","Enabled",0,"simple"
"admin","base","Default","simple","3130-MELDOUG","18個月以上","男,女",,"包裝約28 x 11 x 29 cm","Catalog, Search","No","Enabled",0,"simple"
"admin","base","Default","simple","3391-MELDOUG","1歲以上","男,女",,"包裝約30 x 39 x 4 cm","Catalog, Search","No","Enabled",0,"simple"
"admin","base","Default","simple","3777-MELDOUG","3歲以上","男,女",,"包裝約3 x 23 x 30 cm","Catalog, Search","No","Enabled",0,"simple"
"admin","base","Default","simple","4096-MELDOUG","3歲以上","男,女",,"包裝約15 x 30 x 8 cm","Catalog, Search","No","Enabled",0,"simple"
"admin","base","Default","simple","7001.3-PRNCLH","18個月以上","男,女",,"約36 x 35 x 18 cm","Catalog, Search","No","Enabled",0,"simple"
"admin","base","Default","simple","7000.3-PRNCLH","18個月以上","男,女",,"約36 x 35 x 18 cm","Catalog, Search","No","Enabled",0,"simple"
"admin","base","Default","simple","7018.2-PRNCLH","1歲以上","男,女",,"約37 x 36 x 24 cm","Catalog, Search","No","Enabled",0,"simple"
"admin","base","Default","simple","7020.2-PRNCLH","1歲以上","男,女",,"約37 x 36 x 24 cm","Catalog, Search","No","Enabled",0,"simple"
"admin","base","Default","simple","7140.2-PRNCLH","3個月以上","男,女",,"約36 x 33 x 23 cm","Catalog, Search","No","Enabled",0,"simple"
"admin","base","Default","simple","7152.2-PRNCLH","3個月以上","男,女",,"約36 x 33 x 23 cm","Catalog, Search","No","Enabled",0,"simple"
"admin","base","Default","simple","7153.2-PRNCLH","3個月以上","男,女",,"約36 x 33 x 23 cm","Catalog, Search","No","Enabled",0,"simple"
"admin","base","Default","simple","7401.2-PRNCLH","18個月以上","男,女",,"約37 x 42 x 21 cm","Catalog, Search","No","Enabled",0,"simple"
"admin","base","Default","simple","7403.2-PRNCLH","18個月以上","男,女",,"約37 x 42 x 21 cm","Catalog, Search","No","Enabled",0,"simple"
"admin","base","Default","simple","7406.2-PRNCLH","18個月以上","男,女",,"約37 x 42 x 21 cm","Catalog, Search","No","Enabled",0,"simple"
"admin","base","Default","simple","PT3074-BEBABEAN","新生","男,女",,,"Catalog, Search","No","Enabled",0,"simple"
"admin","base","Default","simple","SMRG-BEBABEAN","新生","男,女",,,"Catalog, Search","No","Enabled",0,"simple"
"admin","base","Default","simple","CBTP-BEBABEAN","3-6個月","男,女",,,"Catalog, Search","No","Enabled",0,"simple"
"admin","base","Default","simple","CBTI-BEBABEAN","3-6個月","男,女",,,"Catalog, Search","No","Enabled",0,"simple"
"admin","base","Default","simple","CBTC-BEBABEAN","3-6個月","男,女",,,"Catalog, Search","No","Enabled",0,"simple"
"admin","base","Default","simple","HKRP-BEBABEAN","0-1歲","男,女",,,"Catalog, Search","No","Enabled",0,"simple"
"admin","base","Default","simple","HKRC-BEBABEAN","0-1歲","男,女",,,"Catalog, Search","No","Enabled",0,"simple"
"admin","base","Default","simple","KCIOS-BEBABEAN","6-24個月","女",,"約53cm寬x 25cm長；帽約30cm","Catalog, Search","No","Enabled",0,"simple"
"admin","base","Default","simple","KCPOS-BEBABEAN","6-24個月","女",,"約53cm寬x 25cm長；帽約30cm","Catalog, Search","No","Enabled",0,"simple"
"admin","base","Default","simple","KOI12-BEBABEAN","6-12個月","男,女",,,"Catalog, Search","No","Enabled",0,"simple"
"admin","base","Default","simple","KOP12-BEBABEAN","6-12個月","女",,,"Catalog, Search","No","Enabled",0,"simple"
"admin","base","Default","simple","CBPOS-BEBABEAN","新生","男,女",,"約66 cm x 86 cm","Catalog, Search","No","Enabled",0,"simple"
"admin","base","Default","simple","CBIOS-BEBABEAN","新生","男,女",,"約66 cm x 86 cm","Catalog, Search","No","Enabled",0,"simple"
"admin","base","Default","simple","CBGOS-BEBABEAN","新生","男,女",,"約66 cm x 86 cm","Catalog, Search","No","Enabled",0,"simple"
"admin","base","Default","simple","K1148-KDZDLGT","3歲以上","男,女",,"約27 x 22 x 1 cm","Catalog, Search","No","Enabled",0,"simple"
"admin","base","Default","simple","K1147-KDZDLGT","3歲以上","男,女",,"實體約28 x 23 x 1 cm / 0.5公斤","Catalog, Search","No","Enabled",0,"simple"
"admin","base","Default","simple","K3423-KDZDLGT","2歲以上","男,女",,"包裝約33 x 40 x 10 cm","Catalog, Search","No","Enabled",0,"simple"
"admin","base","Default","simple","K7730-KDZDLGT","1歲以上","男,女",,"實體約25 x 25 x 7 cm","Catalog, Search","No","Enabled",0,"simple"
"admin","base","Default","simple","K1185R-KDZDLGT","2歲以上","男,女",,"實體約35 x 27 x 7.8 cm","Catalog, Search","No","Enabled",0,"simple"
"admin","base","Default","simple","K12650-KDZDLGT","3歲以上","男,女",,"約20 x 19 x 5 cm","Catalog, Search","No","Enabled",0,"simple"
"admin","base","Default","simple","FFPIPA-PK","1歲以上","男,女",,"40.64 cm X 28 cm X 38.1cm / 1.8公斤","Catalog, Search","No","Enabled",0,"simple"
"admin","base","Default","simple","FFTIAS-PK","1歲以上","男,女",,"40.64 cm X 28 cm X 38.1cm / 1.8公斤","Catalog, Search","No","Enabled",0,"simple"
"admin","base","Default","simple","JVZPBU-PK","3歲以上","男,女",,"外包裝 15.3 x 20.3 x 2.54 cm","Catalog, Search","No","Enabled",0,"simple"
"admin","base","Default","simple","JVZPTI-PK","3歲以上","男,女",,"外包裝 15.3 x 20.3 x 2.54 cm","Catalog, Search","No","Enabled",0,"simple"
"admin","base","Default","simple","TYPSMC-PK","１歲以上","男,女",,"14 cm x 21.6 cm","Catalog, Search","No","Enabled",0,"simple"
"admin","base","Default","simple","TYSORB-PK","１歲以上","男,女",,"17.8 cm x 8.9 cm x 28 cm / 1.8 kg","Catalog, Search","No","Enabled",0,"simple"
"admin","base","Default","simple","TYXYBX-PK","1歲以上","男,女",,"12.7 x 12.7 x 4.5 cm / 1.8kg","Catalog, Search","No","Enabled",0,"simple"
"admin","base","Default","simple","TYCIRPZ-PK","２歲以上","男,女",,"26.67 cm x 26.67 cm / 0.45kg","Catalog, Search","No","Enabled",0,"simple"
"admin","base","Default","simple","TYSQPZ-PK","２歲以上","男,女",,"26.67 cm x 26.67 cm / 0.45kg","Catalog, Search","No","Enabled",0,"simple"
"admin","base","Default","simple","TWL03-3SP","0-18個月","男,女",,"約79 X 79 cm","Catalog, Search","No","Enabled",0,"simple"
"admin","base","Default","simple","TWL05-3SP","0-18個月","男,女",,"約79 X 79 cm","Catalog, Search","No","Enabled",0,"simple"
"admin","base","Default","simple","TWL06-3SP","0-18個月","男,女",,"約79 X 79 cm","Catalog, Search","No","Enabled",0,"simple"
"admin","base","Default","simple","BIN06-3SP",,"男,女",,"高約44 cm / 直徑約43 cm","Catalog, Search","No","Enabled",0,"simple"
"admin","base","Default","simple","BIN08-3SP",,"男,女",,"高約44 cm / 直徑約43 cm","Catalog, Search","No","Enabled",0,"simple"
"admin","base","Default","simple","BIN09-3SP",,"男,女",,"高約44 cm / 直徑約43 cm","Catalog, Search","No","Enabled",0,"simple"
"admin","base","Default","simple","BIN02-3SP",,"男,女",,"高約44 cm / 直徑約43 cm","Catalog, Search","No","Enabled",0,"simple"
"admin","base","Default","simple","BIN05-3SP",,"男,女",,"高約44 cm / 直徑約43 cm","Catalog, Search","No","Enabled",0,"simple"
"admin","base","Default","simple","BOX02-3SP",,"男,女",,"約33 x 33 x 33 cm","Catalog, Search","No","Enabled",0,"simple"
"admin","base","Default","simple","BOX01-3SP",,"男,女",,"約33 x 33 x 33 cm","Catalog, Search","No","Enabled",0,"simple"
"admin","base","Default","simple","CAD01-3SP",,"男,女",,"約38 x 38 cm(含提帶) / 38 x 14 cm(袋身) ","Catalog, Search","No","Enabled",0,"simple"
"admin","base","Default","simple","CAD02-3SP",,"男,女",,"約38 x 38 cm(含提帶) / 38 x 14 cm(袋身) ","Catalog, Search","No","Enabled",0,"simple"
"admin","base","Default","simple","CAD03-3SP",,"男,女",,"約38 x 38 cm(含提帶) / 38 x 14 cm(袋身) ","Catalog, Search","No","Enabled",0,"simple"
"admin","base","Default","simple","CAD04-3SP",,"男,女",,"約38 x 38 cm(含提帶) / 38 x 14 cm(袋身) ","Catalog, Search","No","Enabled",0,"simple"
"admin","base","Default","simple","CAD05-3SP",,"男,女",,"約38 x 38 cm(含提帶) / 38 x 14 cm(袋身) ","Catalog, Search","No","Enabled",0,"simple"
"admin","base","Default","simple","PocketPosies-MLS","6個月到16公斤","男,女",,"約20 x 4 x 15 cm","Catalog, Search","No","Enabled",0,"simple"
"admin","base","Default","simple","PinkyButtons-MLS","6個月到16公斤","男,女",,"約20 x 4 x 15 cm","Catalog, Search","No","Enabled",0,"simple"
"admin","base","Default","simple","BiggyButtons-MLS","6個月到16公斤","男,女",,"約20 x 4 x 15 cm","Catalog, Search","No","Enabled",0,"simple"
"admin","base","Default","simple","BlueFish-MLS","6個月到16公斤","男,女",,"約20 x 4 x 15 cm","Catalog, Search","No","Enabled",0,"simple"
"admin","base","Default","simple","135WT0000STN-MS","6個月以上","男,女",,"約29x18x6公分","Catalog, Search","No","Enabled",0,"simple"
"admin","base","Default","simple","124WT0000DYL-MS","6個月以上","男,女",,"約24 x31 x6公分","Catalog, Search","No","Enabled",0,"simple"
"admin","base","Default","simple","102WT0000YEL-MS","6個月以上","男,女",,"約29x23x6公分","Catalog, Search","No","Enabled",0,"simple"
"admin","base","Default","simple","103WT0000GRA-MS","6個月以上","男,女",,"約29x29x6公分","Catalog, Search","No","Enabled",0,"simple"
"admin","base","Default","simple","123WT0000MBR-MS","6個月以上","男,女",,"約29x26x6公分","Catalog, Search","No","Enabled",0,"simple"
"admin","base","Default","simple","111WT0000RA-MS","6個月以上","男,女",,"約29x17x6公分","Catalog, Search","No","Enabled",0,"simple"
"admin","base","Default","simple","130WT0000RED-MS","1歲以上","男,女",,"約25x17x6公分","Catalog, Search","No","Enabled",0,"simple"
"admin","base","Default","simple","119WT0000GRA-MS","1歲以上","男,女",,"約29x14x6公分","Catalog, Search","No","Enabled",0,"simple"
"admin","base","Default","simple","MBB1004-MIXIE","0-3個月","男,女",,"<li>奶瓶組：120cc奶瓶 * 1 / 第一階段奶嘴 * 1
<li>奶嘴組：第一階段奶嘴 * 2個</li>
<li>防脹氣奶嘴：</li>
<ul style=""padding-left:40px"">
<li>高 2-2/8"" 英吋/底部直徑 5英吋</li>
<li>第一階段:單一圓孔(非十字形吸孔)</li>
</ul>
<li>奶粉儲存盒：120ml容量約20公克</li>
<br>
<p></p>
","Catalog, Search","No","Enabled",0,"simple"
"admin","base","Default","simple","MBB1008-MIXIE","2歲以下","男,女",,"<li>奶瓶組：240cc奶瓶 * 1 / 第二階段奶嘴 * 1</li>
<li>奶嘴組：第二階段奶嘴 * 2個</li>
<li>防脹氣奶嘴：</li>
<ul style=""padding-left:40px"">
<li>高 2-2/8"" 英吋/底部直徑 5英吋</li>
<li>第一階段:單一圓孔(非十字形吸孔)</li>
</ul>
<li>奶粉儲存盒：240ml容量約40公克</li>
","Catalog, Search","No","Enabled",0,"simple"
"admin","base","Default","simple","MBB1004.SOLO-MIXIE","0-3個月","男,女",,"<li>120cc (120ml)奶瓶 * 1 / 第一階段奶嘴 * 1</li>
<li>防脹氣奶嘴：</li>
<ul style=""padding-left:40px"">
<li>高 2-2/8"" 英吋/底部直徑 5英吋</li>
<li>第一階段:單一圓孔(非十字形吸孔)</li>
</ul>
<li>奶粉儲存盒：120ml容量約20公克</li>","Catalog, Search","No","Enabled",0,"simple"
"admin","base","Default","simple","136-BBROO","6個月以上","男,女",,"約22.86 x 17.78 x 7.62cm","Catalog, Search","No","Enabled",0,"simple"
"admin","base","Default","simple","154-BBROO","6個月以上","男,女",,"約22.86 x 17.78 x 7.62cm","Catalog, Search","No","Enabled",0,"simple"
"admin","base","Default","simple","153-BBROO","6個月以上","男,女",,"約22.86 x 17.78 x 7.62cm","Catalog, Search","No","Enabled",0,"simple"
"admin","base","Default","simple","174-BBROO","6個月以上","男,女",,"約22.86 x 17.78 x 7.62cm","Catalog, Search","No","Enabled",0,"simple"
"admin","base","Default","simple","195-BBROO","6個月以上","男,女",,"約22.86 x 17.78 x 7.62cm","Catalog, Search","No","Enabled",0,"simple"
"admin","base","Default","simple","131-BBROO","6個月以上","男,女",,"約22.86 x 17.78 x 7.62cm","Catalog, Search","No","Enabled",0,"simple"
"admin","base","Default","simple","100-BBROO","6個月以上","男,女",,"約22.86 x 17.78 x 7.62cm","Catalog, Search","No","Enabled",0,"simple"
"admin","base","Default","simple","133-BBROO","6個月以上","男,女",,"約22.86 x 17.78 x 7.62cm","Catalog, Search","No","Enabled",0,"simple"
"admin","base","Default","simple","170-BBROO","6個月以上","男,女",,"約22.86 x 17.78 x 7.62cm","Catalog, Search","No","Enabled",0,"simple"
"admin","base","Default","simple","142-BBROO","6個月以上","男,女",,"約22.86 x 17.78 x 7.62cm","Catalog, Search","No","Enabled",0,"simple"
"admin","base","Default","simple","BIN01-3SP",,"男,女",,"高約44 cm / 直徑約43 cm","Catalog, Search","No","Enabled",0,"simple"
"admin","base","Default","simple","BIN03-3SP",,"男,女",,"高約44 cm / 直徑約43 cm","Catalog, Search","No","Enabled",0,"simple"
"admin","base","Default","simple","BIN04-3SP",,"男,女",,"高約44 cm / 直徑約43 cm","Catalog, Search","No","Enabled",0,"simple"
"admin","base","Default","simple","WALL2-3SP",,"男,女",,"全長102 x 36 cm / 收納格 29 x 36 cm","Catalog, Search","No","Enabled",0,"simple"
"admin","base","Default","simple","WALL1-3SP",,"男,女",,"全長102 x 36 cm / 收納格 29 x 36 cm","Catalog, Search","No","Enabled",0,"simple"
"admin","base","Default","simple","WALL3-3SP",,"男,女",,"全長102 x 36 cm / 收納格 29 x 36 cm","Catalog, Search","No","Enabled",0,"simple"
"admin","base","Default","simple","MOB1-3SP",,"男,女",,"寬27cm/高70cm","Catalog, Search","No","Enabled",0,"simple"
"admin","base","Default","simple","MOB2-3SP",,"男,女",,"寬27cm/高70cm","Catalog, Search","No","Enabled",0,"simple"
"admin","base","Default","simple","MOB3-3SP",,"男,女",,"寬27cm/高70cm","Catalog, Search","No","Enabled",0,"simple"
"admin","base","Default","simple","HAMP1-3SP",,"男,女",,"高48cm x 寬56cm x深28cm","Catalog, Search","No","Enabled",0,"simple"
"admin","base","Default","simple","HAMP2-3SP",,"男,女",,"高48cm x 寬56cm x深28cm","Catalog, Search","No","Enabled",0,"simple"
"admin","base","Default","simple","HAMP3-3SP",,"男,女",,"高48cm x 寬56cm x深28cm","Catalog, Search","No","Enabled",0,"simple"
"admin","base","Default","simple","BATH1-3SP",,"男,女",,"約37cm x 38cm ","Catalog, Search","No","Enabled",0,"simple"
"admin","base","Default","simple","BATH3-3SP",,"男,女",,"約37cm x 38cm ","Catalog, Search","No","Enabled",0,"simple"
"admin","base","Default","simple","BATH2-3SP",,"男,女",,"約37cm x 38cm ","Catalog, Search","No","Enabled",0,"simple"
"admin","base","Default","simple","SF2151M-H2H","3-4歲","女",,,"Catalog, Search","No","Enabled",0,"simple"
"admin","base","Default","simple","SP21512M-H2H","3-4歲","女",,,"Catalog, Search","No","Enabled",0,"simple"
"admin","base","Default","simple","SB2151AM-H2H","3-4歲","女",,"長度約50公分/寬約45到50公分","Catalog, Search","No","Enabled",0,"simple"
"admin","base","Default","simple","SC2151AS-H2H","1-2歲","女",,"總長（肩到底部） 63.5公分/內裡長度（肩到底部）約43公分/胸圍約50-60公分","Catalog, Search","No","Enabled",0,"simple"
"admin","base","Default","simple","SC2154S-H2H","1-2歲","女",,"總長（肩到底部）約 63.5公分/內裡長度（肩到底部）約43公分/胸圍約50-60公分","Catalog, Search","No","Enabled",0,"simple"
"admin","base","Default","simple","SC2156S-H2H","1-2歲","女",,"總長（肩到底部）約63.5公分/內裡長度（肩到底部）約43公分/胸圍約50-60公分","Catalog, Search","No","Enabled",0,"simple"
"admin","base","Default","simple","SC2154M-H2H","3-4歲","女",,"總長（肩到底部）約 71公分/內裡長度（肩到底部）約50公分/胸圍約55-66公分","Catalog, Search","No","Enabled",0,"simple"
"admin","base","Default","simple","SE2152S-H2H","1-2歲","女","腰帶可調整，最寬可至51公分","長度: 30.5cm/寬度: 45.5cm Adjustable/腰帶長度約51公分","Catalog, Search","No","Enabled",0,"simple"
"admin","base","Default","simple","SE2154S-H2H","1-2歲","女","腰帶可調整，最寬可至51公分","長度: 30.5cm/寬度: 45.5cm Adjustable/腰帶長度約51公分","Catalog, Search","No","Enabled",0,"simple"
"admin","base","Default","simple","SE2156S-H2H","1-2歲","女","腰帶可調整，最寬可至51公分","長度30.5公分/寬度約45公分/腰帶長度約51公分","Catalog, Search","No","Enabled",0,"simple"
"admin","base","Default","simple","BW2151AS-H2H","0-18個月","女",,,"Catalog, Search","No","Enabled",0,"simple"
"admin","base","Default","simple","BW2154S-H2H","0-18個月","女",,,"Catalog, Search","No","Enabled",0,"simple"
"admin","base","Default","simple","BW2156S-H2H","0-18個月","女",,,"Catalog, Search","No","Enabled",0,"simple"
"admin","base","Default","simple","BW2150S-H2H","0-18個月","女",,,"Catalog, Search","No","Enabled",0,"simple"
"admin","base","Default","simple","BW2151AL-H2H","1.5歲-12歲","女",,,"Catalog, Search","No","Enabled",0,"simple"
"admin","base","Default","simple","BW2154L-H2H","1.5歲-12歲","女",,,"Catalog, Search","No","Enabled",0,"simple"
"admin","base","Default","simple","BW2156L-H2H","1.5歲-12歲","女",,,"Catalog, Search","No","Enabled",0,"simple"
"admin","base","Default","simple","BW2152L-H2H","1.5歲-12歲","女",,,"Catalog, Search","No","Enabled",0,"simple"
"admin","base","Default","simple","GM04-H2H",,"男,女",,"25.4 x 25.4公分","Catalog, Search","No","Enabled",0,"simple"
"admin","base","Default","simple","11301N-S-UBSN","1-2歲","男,女",,,"Catalog, Search","No","Enabled",0,"simple"
"admin","base","Default","simple","11301N-M-UBSN","2-4歲","男,女",,,"Catalog, Search","No","Enabled",0,"simple"
"admin","base","Default","simple","11303N-S-UBSN","1-2歲","男,女",,,"Catalog, Search","No","Enabled",0,"simple"
"admin","base","Default","simple","11303N-M-UBSN","2-4歲","男,女",,,"Catalog, Search","No","Enabled",0,"simple"
"admin","base","Default","simple","11104N-S-UBSN","1-2歲","男,女",,,"Catalog, Search","No","Enabled",0,"simple"
"admin","base","Default","simple","11104N-M-UBSN","2-4歲","男,女",,,"Catalog, Search","No","Enabled",0,"simple"
"admin","base","Default","simple","11306N-S-UBSN","1-2歲","男,女",,,"Catalog, Search","No","Enabled",0,"simple"
"admin","base","Default","simple","11306N-M-UBSN","2-4歲","男,女",,,"Catalog, Search","No","Enabled",0,"simple"
"admin","base","Default","simple","11305N-S-UBSN","1-2歲","男,女",,,"Catalog, Search","No","Enabled",0,"simple"
"admin","base","Default","simple","11305N-M-UBSN","2-4歲","男,女",,,"Catalog, Search","No","Enabled",0,"simple"
"admin","base","Default","simple","21208N-S-UBSN","1-2歲","男,女",,,"Catalog, Search","No","Enabled",0,"simple"
"admin","base","Default","simple","21208N-M-UBSN","2-4歲","男,女",,,"Catalog, Search","No","Enabled",0,"simple"
"admin","base","Default","simple","11309N-S-UBSN","1-2歲","男,女",,,"Catalog, Search","No","Enabled",0,"simple"
"admin","base","Default","simple","11309N-M-UBSN","2-4歲","男,女",,,"Catalog, Search","No","Enabled",0,"simple"
"admin","base","Default","simple","11310N-S-UBSN","1-2歲","男,女",,,"Catalog, Search","No","Enabled",0,"simple"
"admin","base","Default","simple","11310N-M-UBSN","2-4歲","男,女",,,"Catalog, Search","No","Enabled",0,"simple"
"admin","base","Default","simple","11301B-M-UBSN","2-4歲","男,女",,,"Catalog, Search","No","Enabled",0,"simple"
"admin","base","Default","simple","11301B-L-UBSN","5-8歲","男,女",,,"Catalog, Search","No","Enabled",0,"simple"
"admin","base","Default","simple","11303B-M-UBSN","2-4歲","男,女",,,"Catalog, Search","No","Enabled",0,"simple"
"admin","base","Default","simple","11303B-L-UBSN","5-8歲","男,女",,,"Catalog, Search","No","Enabled",0,"simple"
"admin","base","Default","simple","11304B-M-UBSN","2-4歲","男,女",,,"Catalog, Search","No","Enabled",0,"simple"
"admin","base","Default","simple","11304B-L-UBSN","5-8歲","男,女",,,"Catalog, Search","No","Enabled",0,"simple"
"admin","base","Default","simple","11305B-M-UBSN","2-4歲","男,女",,,"Catalog, Search","No","Enabled",0,"simple"
"admin","base","Default","simple","11305B-L-UBSN","5-8歲","男,女",,,"Catalog, Search","No","Enabled",0,"simple"
"admin","base","Default","simple","11306B-M-UBSN","2-4歲","男,女",,,"Catalog, Search","No","Enabled",0,"simple"
"admin","base","Default","simple","11306B-L-UBSN","5-8歲","男,女",,,"Catalog, Search","No","Enabled",0,"simple"
"admin","base","Default","simple","21208B-M-UBSN","2-4歲","男,女",,,"Catalog, Search","No","Enabled",0,"simple"
"admin","base","Default","simple","21208B-L-UBSN","5-8歲","男,女",,,"Catalog, Search","No","Enabled",0,"simple"
"admin","base","Default","simple","11310B-M-UBSN","2-4歲","男,女",,,"Catalog, Search","No","Enabled",0,"simple"
"admin","base","Default","simple","11310B-L-UBSN","5-8歲","男,女",,,"Catalog, Search","No","Enabled",0,"simple"
"admin","base","Default","simple","11311B-M-UBSN","2-4歲","男,女",,,"Catalog, Search","No","Enabled",0,"simple"
"admin","base","Default","simple","11311B-L-UBSN","5-8歲","男,女",,,"Catalog, Search","No","Enabled",0,"simple"
"admin","base","Default","simple","11312B-M-UBSN","2-4歲","男,女",,,"Catalog, Search","No","Enabled",0,"simple"
"admin","base","Default","simple","11312B-L-UBSN","5-8歲","男,女",,,"Catalog, Search","No","Enabled",0,"simple"
"admin","base","Default","simple","21101S-UBSN","2-8歲","男",,,"Catalog, Search","No","Enabled",0,"simple"
"admin","base","Default","simple","21104S-UBSN","2-8歲","男",,,"Catalog, Search","No","Enabled",0,"simple"
"admin","base","Default","simple","21105S-UBSN","2-8歲","男",,,"Catalog, Search","No","Enabled",0,"simple"
"admin","base","Default","simple","CocoSnow-MLS","6個月到16公斤","男,女",,"約20 x 4 x 15 cm","Catalog, Search","No","Enabled",0,"simple"
"admin","base","Default","simple","HudsonStripe-MLS","6個月到16公斤","男,女",,"約20 x 4 x 15 cm","Catalog, Search","No","Enabled",0,"simple"
"admin","base","Default","simple","Minky.BB-ISSMA","8歲以下","男,女",,"Hooded Towel X 1 -38"" X 38""(約97 X 97cm)/ Washcloth X 1- 8”x 8”(約20 X 20 cm)","Catalog, Search","No","Enabled",0,"simple"
"admin","base","Default","simple","Minky.BP-ISSMA","8歲以下","男,女",,"Hooded Towel X 1 -38"" X 38""(約97 X 97cm)/ Washcloth X 1- 8”x 8”(約20 X 20 cm)","Catalog, Search","No","Enabled",0,"simple"
"admin","base","Default","simple","Minky.CB-ISSMA","8歲以下","男,女",,"Hooded Towel X 1 -38"" X 38""(約97 X 97cm)/ Washcloth X 1- 8”x 8”(約20 X 20 cm)","Catalog, Search","No","Enabled",0,"simple"
"admin","base","Default","simple","Minky.CP-ISSMA","8歲以下","男,女",,"Hooded Towel X 1 -38"" X 38""(約97 X 97cm)/ Washcloth X 1- 8”x 8”(約20 X 20 cm)","Catalog, Search","No","Enabled",0,"simple"
"admin","base","Default","simple","ZF.LPK-ISSMA","8歲以下","男,女",,"Hooded Towel X 1 -38"" X 38""(約97 X 97cm)/ Washcloth X 1- 8”x 8”(約20 X 20 cm)","Catalog, Search","No","Enabled",0,"simple"
"admin","base","Default","simple","ZF.BLCW-ISSMA","8歲以下","男,女",,"Hooded Towel X 1 -38"" X 38""(約97 X 97cm)/ Washcloth X 1- 8”x 8”(約20 X 20 cm)","Catalog, Search","No","Enabled",0,"simple"
"admin","base","Default","simple","ZF.ZBR-ISSMA","8歲以下","男,女",,"Hooded Towel X 1 -38"" X 38""(約97 X 97cm)/ Washcloth X 1- 8”x 8”(約20 X 20 cm)","Catalog, Search","No","Enabled",0,"simple"
"admin","base","Default","simple","ZF.GRF-ISSMA","8歲以下","男,女",,"Hooded Towel X 1 -38"" X 38""(約97 X 97cm)/ Washcloth X 1- 8”x 8”(約20 X 20 cm)","Catalog, Search","No","Enabled",0,"simple"
"admin","base","Default","simple","Airplane-ISSMA","8歲以下","男,女",,"Hooded Towel X-1, 97cm X 97cm/Washcloth X -1, 20 X 20 cm","Catalog, Search","No","Enabled",0,"simple"
"admin","base","Default","simple","Buttrfly-ISSMA","8歲以下","男,女",,"Hooded Towel X-1, 97cm X 97cm/Washcloth X -1, 20 X 20 cm","Catalog, Search","No","Enabled",0,"simple"
"admin","base","Default","simple","LemonHrt-ISSMA","8歲以下","男,女",,"Hooded Towel X-1, 97cm X 97cm/Washcloth X -1, 20 X 20 cm","Catalog, Search","No","Enabled",0,"simple"
"admin","base","Default","simple","UrbanZoo-ISSMA","8歲以下","男,女",,"Hooded Towel X-1, 97cm X 97cm/Washcloth X -1, 20 X 20 cm","Catalog, Search","No","Enabled",0,"simple"
"admin","base","Default","simple","Monkeys-ISSMA","8歲以下","男,女",,"Hooded Towel X-1, 97cm X 97cm/Washcloth X -1, 20 X 20 cm","Catalog, Search","No","Enabled",0,"simple"
"admin","base","Default","simple","1127B-MAGBB","0-3個月","男",,,"Catalog, Search","No","Enabled",0,"simple"
"admin","base","Default","simple","1128G-MAGBB","0-3個月","女",,,"Catalog, Search","No","Enabled",0,"simple"
"admin","base","Default","simple","1422G-3M-MAGBB","3-6個月","女",,,"Catalog, Search","No","Enabled",0,"simple"
"admin","base","Default","simple","1423B-3M-MAGBB","3-6個月","男",,,"Catalog, Search","No","Enabled",0,"simple"
"admin","base","Default","simple","1520G-NB-MAGBB","0-3個月","女",,,"Catalog, Search","No","Enabled",0,"simple"
"admin","base","Default","simple","1521B-NB-MAGBB","0-3個月","男",,,"Catalog, Search","No","Enabled",0,"simple"
"admin","base","Default","simple","1524G-6M-MAGBB","6-9個月","女",,,"Catalog, Search","No","Enabled",0,"simple"
"admin","base","Default","simple","1525B-6M-MAGBB","6-9個月","男",,,"Catalog, Search","No","Enabled",0,"simple"
"admin","base","Default","simple","1526G-3M-MAGBB","3-6個月","女",,,"Catalog, Search","No","Enabled",0,"simple"
"admin","base","Default","simple","1526G-6M-MAGBB","6-9個月","女",,,"Catalog, Search","No","Enabled",0,"simple"
"admin","base","Default","simple","1526G-9M-MAGBB","9-12個月","女",,,"Catalog, Search","No","Enabled",0,"simple"
"admin","base","Default","simple","1527B-3M-MAGBB","3-6個月","男",,,"Catalog, Search","No","Enabled",0,"simple"
"admin","base","Default","simple","1527B-6M-MAGBB","6-9個月","男",,,"Catalog, Search","No","Enabled",0,"simple"
"admin","base","Default","simple","1527B-9M-MAGBB","9-12個月","男",,,"Catalog, Search","No","Enabled",0,"simple"
"admin","base","Default","simple","1528G-6M-MAGBB","6-9個月","女",,,"Catalog, Search","No","Enabled",0,"simple"
"admin","base","Default","simple","1528G-9M-MAGBB","9-12個月","女",,,"Catalog, Search","No","Enabled",0,"simple"
"admin","base","Default","simple","1529B-6M-MAGBB","6-9個月","男",,,"Catalog, Search","No","Enabled",0,"simple"
"admin","base","Default","simple","1529B-9M-MAGBB","9-12個月","男",,,"Catalog, Search","No","Enabled",0,"simple"
"admin","base","Default","simple","1730G-9M-MAGBB","9-12個月","女",,,"Catalog, Search","No","Enabled",0,"simple"
"admin","base","Default","simple","1731B-9M-MAGBB","9-12個月","男",,,"Catalog, Search","No","Enabled",0,"simple"
"admin","base","Default","simple","1820G-3M-MAGBB","3-6個月","女",,,"Catalog, Search","No","Enabled",0,"simple"
"admin","base","Default","simple","1820G-6M-MAGBB","6-9個月","女",,,"Catalog, Search","No","Enabled",0,"simple"
"admin","base","Default","simple","1820G-9M-MAGBB","9-12個月","女",,,"Catalog, Search","No","Enabled",0,"simple"
"admin","base","Default","simple","1821B-3M-MAGBB","3-6個月","男",,,"Catalog, Search","No","Enabled",0,"simple"
"admin","base","Default","simple","1821B-6M-MAGBB","6-9個月","男",,,"Catalog, Search","No","Enabled",0,"simple"
"admin","base","Default","simple","1821B-9M-MAGBB","9-12個月","男",,,"Catalog, Search","No","Enabled",0,"simple"
"admin","base","Default","simple","TYPZSS-PK","２歲以上","男,女",,"26.67 cm x 26.67 cm/0.45kg","Catalog, Search","No","Enabled",0,"simple"
"admin","base","Default","simple","FFKIKO-PK","1歲以上","男,女",,"40.64 cm X 28 cm X 38.1cm / 1.8公斤","Catalog, Search","No","Enabled",0,"simple"
"admin","base","Default","simple","FFLILA-PK","1歲以上","男,女",,"40.64 cm X 28 cm X 38.1cm / 1.8公斤","Catalog, Search","No","Enabled",0,"simple"
"admin","base","Default","simple","KBCHO003-KBOOST","耐重達136公斤","男,女",,"<li>適用於對角距離49.5cm到76.2cm的四腳座椅</li>
<li>2階段高度可選擇9.5cm/11.4cm</li>
<li>收合後增高架大小約16.5cm x 30cm</li>
<li>重量約1.5公斤</li>","Catalog, Search","No","Enabled",0,"simple"
"admin","base","Default","simple","KBGRE000-KBOOST","耐重達136公斤","男,女",,"<li>適用於對角距離49.5cm到76.2cm的四腳座椅</li>
<li>2階段高度可選擇9.5cm/11.4cm</li>
<li>收合後增高架大小約16.5cm x 30cm</li>
<li>重量約1.5公斤</li>","Catalog, Search","No","Enabled",0,"simple"
"admin","base","Default","simple","KBNAT001-KBOOST","耐重達136公斤","男,女",,"<li>適用於對角距離49.5cm到76.2cm的四腳座椅</li>
<li>2階段高度可選擇9.5cm/11.4cm</li>
<li>收合後增高架大小約16.5cm x 30cm</li>
<li>重量約1.5公斤</li>","Catalog, Search","No","Enabled",0,"simple"
"admin","base","Default","simple","CHTSLS3BL-LTGF","0-6個月","男,女",,"約39x 62公分","Catalog, Search","No","Enabled",0,"simple"
"admin","base","Default","simple","CHTSLS3CR-LTGF","0-6個月","男,女",,"約39x 62公分","Catalog, Search","No","Enabled",0,"simple"
"admin","base","Default","simple","CHTSLS3PK-LTGF","0-6個月","男,女",,"約39x 62公分","Catalog, Search","No","Enabled",0,"simple"
"admin","base","Default","simple","MSNDSLS3BL-LTGF","3-6個月","男,女",,"約39x 62公分","Catalog, Search","No","Enabled",0,"simple"
"admin","base","Default","simple","MSNDSLS3CE-LTGF","3-6個月","男,女",,"約39x 62公分","Catalog, Search","No","Enabled",0,"simple"
"admin","base","Default","simple","MSNDSLS3PK-LTGF","3-6個月","男,女",,"約39x 62公分","Catalog, Search","No","Enabled",0,"simple"
"admin","base","Default","simple","MSLNDSK3BL-LTGF","3-6個月","男,女",,"約39x 62公分","Catalog, Search","No","Enabled",0,"simple"
"admin","base","Default","simple","LXDBLGBL-LTGF","新生","男,女",,"40 x 40 cm公分","Catalog, Search","No","Enabled",0,"simple"
"admin","base","Default","simple","LXDBLGPK -LTGF","新生","男,女",,"40 x 40 cm公分","Catalog, Search","No","Enabled",0,"simple"
"admin","base","Default","simple","LXDRLGBL-LTGF","3個月以上","男,女",,"18 x 15 x 7公分","Catalog, Search","No","Enabled",0,"simple"
"admin","base","Default","simple","LXDRLGPK-LTGF","3個月以上","男,女",,"18 x 15 x 7公分","Catalog, Search","No","Enabled",0,"simple"
"admin","base","Default","simple","CHCFBLYSV-LTGF","新生","男,女",,"約35.5cm x35.5公分","Catalog, Search","No","Enabled",0,"simple"
"admin","base","Default","simple","CHTWPK-LTGF","新生","男,女",,"連帽浴巾約104x61公分、毛巾約23x23公分","Catalog, Search","No","Enabled",0,"simple"
"admin","base","Default","simple","CHTWBL-LTGF","新生","男,女",,"連帽浴巾約104x61公分、毛巾約23x23公分","Catalog, Search","No","Enabled",0,"simple"
"admin","base","Default","simple","MSCBKTPK-LTGF","新生","男,女",,"約117 x112cm","Catalog, Search","No","Enabled",0,"simple"
"admin","base","Default","simple","MSCBKTBL-LTGF","新生","男,女",,"約117 x112cm","Catalog, Search","No","Enabled",0,"simple"
"admin","base","Default","simple","MSCBKTSV-LTGF","新生","男,女",,"約117 x112cm","Catalog, Search","No","Enabled",0,"simple"
"admin","base","Default","simple","LXDPLGBL-LTGF","新生","男,女",,"30 x 23公分","Catalog, Search","No","Enabled",0,"simple"
"admin","base","Default","simple","LXDPLGCE-LTGF","新生","男,女",,"30 x 23公分","Catalog, Search","No","Enabled",0,"simple"
"admin","base","Default","simple","1001-LILACOSM","1歲以上","女",,"14ml/液態0.5oz.","Catalog, Search","No","Enabled",0,"simple"
"admin","base","Default","simple","1002-LILACOSM","1歲以上","女",,"14ml/液態0.5oz.","Catalog, Search","No","Enabled",0,"simple"
"admin","base","Default","simple","1005-LILACOSM","1歲以上","女",,"14ml/液態0.5oz.","Catalog, Search","No","Enabled",0,"simple"
"admin","base","Default","simple","1006-LILACOSM","1歲以上","女",,"14ml/液態0.5oz.","Catalog, Search","No","Enabled",0,"simple"
"admin","base","Default","simple","1007-LILACOSM","1歲以上","女",,"14ml/液態0.5oz.","Catalog, Search","No","Enabled",0,"simple"
"admin","base","Default","simple","1012-LILACOSM","1歲以上","女",,"14ml/液態0.5oz.","Catalog, Search","No","Enabled",0,"simple"
"admin","base","Default","simple","1200-LILACOSM","1歲以上","女",,"液體2oz","Catalog, Search","No","Enabled",0,"simple"
"admin","base","Default","simple","1305-LILACOSM","1歲以上","女",,"14ml/液態0.5oz.","Catalog, Search","No","Enabled",0,"simple"
"admin","base","Default","simple","MMYellow-MM","10個月以上","男,女",,"約13.5x10x10公分、96公克","Catalog, Search","No","Enabled",0,"simple"
"admin","base","Default","simple","MMPink-MM","10個月以上","男,女",,"約13.5x10x10公分、96公克","Catalog, Search","No","Enabled",0,"simple"
"admin","base","Default","simple","MMBlue-MM","10個月以上","男,女",,"約13.5x10x10公分、96公克","Catalog, Search","No","Enabled",0,"simple"
"admin","base","Default","simple","SSSensor-CLOUDB","新生","男,女",,"約18x20x28公分","Catalog, Search","No","Enabled",0,"simple"
"admin","base","Default","simple","TTBlue-CLOUDB","２歲以上","男,女",,"約36cm L x 10cm H","Catalog, Search","No","Enabled",0,"simple"
"admin","base","Default","simple","TTPurple-CLOUDB","２歲以上","男,女",,"約36cm L x 10cm H","Catalog, Search","No","Enabled",0,"simple"
"admin","base","Default","simple","TLBPink-CLOUDB","3歲以上","男,女",,"30cm x 18cm x 9cm","Catalog, Search","No","Enabled",0,"simple"
"admin","base","Default","simple","TRTAqua-CLOUDB","3歲以上","男,女",,"30長x19寬x10高cm","Catalog, Search","No","Enabled",0,"simple"
"admin","base","Default","simple","R2C-FU-1-PLUIE","1-3歲","女",,"肩寬約28cm,總長約43cm,袖長約24cm","Catalog, Search","No","Enabled",0,"simple"
"admin","base","Default","simple","R2B-FU-6-PLUIE",,"女","Size 6","雨鞋內墊約14.5cm","Catalog, Search","No","Enabled",0,"simple"
"admin","base","Default","simple","R2U-FU-PLUIE","1-6歲","女",,"One-size (傘架長度約48cm)","Catalog, Search","No","Enabled",0,"simple"
"admin","base","Default","simple","R2C-FU-2-PLUIE","2-4歲 ","女",,"肩寬約30cm,總長約48.5cm,袖長約28cm","Catalog, Search","No","Enabled",0,"simple"
"admin","base","Default","simple","R2C-FU-4-PLUIE","4-6歲","女",,"肩寬約32cm,總長約58cm,袖長約36cm","Catalog, Search","No","Enabled",0,"simple"
"admin","base","Default","simple","R2B-FU-8-PLUIE",,"女","Size 8","鞋內墊約16.5cm","Catalog, Search","No","Enabled",0,"simple"
"admin","base","Default","simple","RC-FP-1-PLUIE","1-3歲","女",,"肩寬約28cm,總長約43cm,袖長約24cm","Catalog, Search","No","Enabled",0,"simple"
"admin","base","Default","simple","RC-FP-2-PLUIE","2-4歲 ","女",,"肩寬約30cm,總長約48.5cm,袖長約28cm","Catalog, Search","No","Enabled",0,"simple"
"admin","base","Default","simple","RC-FP-4-PLUIE","4-6歲","女",,"肩寬約32cm,總長約58cm,袖長約36cm","Catalog, Search","No","Enabled",0,"simple"
"admin","base","Default","simple","RB-FP-6-PLUIE",,"女","Size 6","雨鞋內墊約14.5cm","Catalog, Search","No","Enabled",0,"simple"
"admin","base","Default","simple","RU-FP-PLUIE","1-6歲","女",,"One-size (傘架長度約48cm)","Catalog, Search","No","Enabled",0,"simple"
"admin","base","Default","simple","RC-CD-1-PLUIE","1-3歲","女",,"肩寬約28cm,總長約43cm,袖長約24cm","Catalog, Search","No","Enabled",0,"simple"
"admin","base","Default","simple","RC-CD-2-PLUIE","2-4歲 ","女",,"肩寬約30cm,總長約48.5cm,袖長約28cm","Catalog, Search","No","Enabled",0,"simple"
"admin","base","Default","simple","RC-CD-4-PLUIE","4-6歲","女",,"肩寬約32cm,總長約58cm,袖長約36cm","Catalog, Search","No","Enabled",0,"simple"
"admin","base","Default","simple","RB-CD-6-PLUIE",,"女","Size 6","雨鞋內墊約14.5cm","Catalog, Search","No","Enabled",0,"simple"
"admin","base","Default","simple","RB-CD-8-PLUIE",,"女","Size 8","鞋內墊約16.5cm","Catalog, Search","No","Enabled",0,"simple"
"admin","base","Default","simple","RU-CD-PLUIE","1-6歲","女",,"One-size (傘架長度約48cm)","Catalog, Search","No","Enabled",0,"simple"
"admin","base","Default","simple","RC-CC-1-PLUIE","1-3歲","男",,"肩寬約28cm,總長約43cm,袖長約24cm","Catalog, Search","No","Enabled",0,"simple"
"admin","base","Default","simple","RC-CC-2-PLUIE","2-4歲 ","男",,"肩寬約30cm,總長約48.5cm,袖長約28cm","Catalog, Search","No","Enabled",0,"simple"
"admin","base","Default","simple","RC-CC-4-PLUIE","4-6歲","男",,"肩寬約32cm,總長約58cm,袖長約36cm","Catalog, Search","No","Enabled",0,"simple"
"admin","base","Default","simple","RB-CC-6-PLUIE",,"男","Size 6","雨鞋內墊約14.5cm","Catalog, Search","No","Enabled",0,"simple"
"admin","base","Default","simple","RB-CC-8-PLUIE",,"男","Size 8","雨鞋內墊約16.5cm","Catalog, Search","No","Enabled",0,"simple"
"admin","base","Default","simple","RB-CC-10-PLUIE",,"男","Size 10","雨鞋內墊約18.5cm","Catalog, Search","No","Enabled",0,"simple"
"admin","base","Default","simple","RU-CC-PLUIE","1-6歲","男",,"One-size (傘架長度約48cm)","Catalog, Search","No","Enabled",0,"simple"
"admin","base","Default","simple","RC-NB-1-PLUIE","1-3歲","男",,"肩寬約28cm,總長約43cm,袖長約24cm","Catalog, Search","No","Enabled",0,"simple"
"admin","base","Default","simple","RC-NB-2-PLUIE","2-4歲 ","男",,"肩寬約30cm,總長約48.5cm,袖長約28cm","Catalog, Search","No","Enabled",0,"simple"
"admin","base","Default","simple","RC-NB-4-PLUIE","4-6歲","男",,"肩寬約32cm,總長約58cm,袖長約36cm","Catalog, Search","No","Enabled",0,"simple"
"admin","base","Default","simple","RB-NB-6-PLUIE",,"男","Size 6","雨鞋內墊約14.5cm","Catalog, Search","No","Enabled",0,"simple"
"admin","base","Default","simple","RB-NB-8-PLUIE",,"男","Size 8","雨鞋內墊約16.5cm","Catalog, Search","No","Enabled",0,"simple"
"admin","base","Default","simple","RB-NB-10-PLUIE",,"男","Size 10","雨鞋內墊約18.5cm","Catalog, Search","No","Enabled",0,"simple"
"admin","base","Default","simple","RU-NB-PLUIE","1-6歲","男",,"One-size (傘架長度約48cm)","Catalog, Search","No","Enabled",0,"simple"
"admin","base","Default","simple","RC-PD-1-PLUIE","1-3歲","女",,"肩寬約28cm,總長約43cm,袖長約24cm","Catalog, Search","No","Enabled",0,"simple"
"admin","base","Default","simple","RC-PD-2-PLUIE","2-4歲 ","女",,"肩寬約30cm,總長約48.5cm,袖長約28cm","Catalog, Search","No","Enabled",0,"simple"
"admin","base","Default","simple","RC-PD-4-PLUIE","4-6歲","女",,"肩寬約32cm,總長約58cm,袖長約36cm","Catalog, Search","No","Enabled",0,"simple"
"admin","base","Default","simple","RB-PD-6-PLUIE",,"女","Size 6","雨鞋內墊約14.5cm","Catalog, Search","No","Enabled",0,"simple"
"admin","base","Default","simple","RB-PD-8-PLUIE",,"女","Size 8","雨鞋內墊約16.5cm","Catalog, Search","No","Enabled",0,"simple"
"admin","base","Default","simple","RB-PD-10-PLUIE",,"女","Size 10","雨鞋內墊約18.5cm","Catalog, Search","No","Enabled",0,"simple"
"admin","base","Default","simple","RU-PD-PLUIE","1-6歲","女",,"One-size (傘架長度約48cm)","Catalog, Search","No","Enabled",0,"simple"
"admin","base","Default","simple","RC-GP-1-PLUIE","1-3歲","男,女",,"肩寬約28cm,總長約43cm,袖長約24cm","Catalog, Search","No","Enabled",0,"simple"
"admin","base","Default","simple","RC-GP-2-PLUIE","2-4歲 ","男,女",,"肩寬約30cm,總長約48.5cm,袖長約28cm","Catalog, Search","No","Enabled",0,"simple"
"admin","base","Default","simple","RC-GP-4-PLUIE","4-6歲","男,女",,"肩寬約32cm,總長約58cm,袖長約36cm","Catalog, Search","No","Enabled",0,"simple"
"admin","base","Default","simple","RB-GP-6-PLUIE",,"男,女","Size 6","雨鞋內墊約14.5cm","Catalog, Search","No","Enabled",0,"simple"
"admin","base","Default","simple","RB-GP-8-PLUIE",,"男,女","Size 8","雨鞋內墊約16.5cm","Catalog, Search","No","Enabled",0,"simple"
"admin","base","Default","simple","RB-GP-10-PLUIE",,"男,女","Size 10","雨鞋內墊約18.5cm","Catalog, Search","No","Enabled",0,"simple"
"admin","base","Default","simple","RU-GP-PLUIE","1-6歲","男,女",,"One-size (傘架長度約48cm)","Catalog, Search","No","Enabled",0,"simple"
"admin","base","Default","simple","RC-RK-1-PLUIE","1-3歲","男,女",,"肩寬約28cm,總長約43cm,袖長約24cm","Catalog, Search","No","Enabled",0,"simple"
"admin","base","Default","simple","RC-RK-2-PLUIE","2-4歲 ","男,女",,"肩寬約30cm,總長約48.5cm,袖長約28cm","Catalog, Search","No","Enabled",0,"simple"
"admin","base","Default","simple","RC-RK-4-PLUIE","4-6歲","男,女",,"肩寬約32cm,總長約58cm,袖長約36cm","Catalog, Search","No","Enabled",0,"simple"
"admin","base","Default","simple","RB-RK-6-PLUIE",,"男,女","Size 6","雨鞋內墊約14.5cm","Catalog, Search","No","Enabled",0,"simple"
"admin","base","Default","simple","RB-RK-8-PLUIE",,"男,女","Size 8","雨鞋內墊約16.5cm","Catalog, Search","No","Enabled",0,"simple"
"admin","base","Default","simple","RB-RK-10-PLUIE",,"男,女","Size 10","雨鞋內墊約18.5cm","Catalog, Search","No","Enabled",0,"simple"
"admin","base","Default","simple","RU-RK-PLUIE","1-6歲","男,女",,"One-size (傘架長度約48cm)","Catalog, Search","No","Enabled",0,"simple"
"admin","base","Default","simple","R2C-NY-1-PLUIE","1-3歲","男,女",,"肩寬約28cm,總長約43cm,袖長約24cm","Catalog, Search","No","Enabled",0,"simple"
"admin","base","Default","simple","R2C-NY-2-PLUIE","2-4歲 ","男,女",,"肩寬約30cm,總長約48.5cm,袖長約28cm","Catalog, Search","No","Enabled",0,"simple"
"admin","base","Default","simple","R2C-NY-4-PLUIE","4-6歲","男,女",,"肩寬約32cm,總長約58cm,袖長約36cm","Catalog, Search","No","Enabled",0,"simple"
"admin","base","Default","simple","R2B-NY-6-PLUIE",,"男,女","Size 6","雨鞋內墊約14.5cm","Catalog, Search","No","Enabled",0,"simple"
"admin","base","Default","simple","R2B-NY-8-PLUIE",,"男,女","Size 8","雨鞋內墊約16.5cm","Catalog, Search","No","Enabled",0,"simple"
"admin","base","Default","simple","R2B-NY-10-PLUIE",,"男,女","Size 10","雨鞋內墊約18.5cm","Catalog, Search","No","Enabled",0,"simple"
"admin","base","Default","simple","R2U-NY-PLUIE","1-6歲","男,女",,"One-size (傘架長度約48cm)","Catalog, Search","No","Enabled",0,"simple"
"admin","base","Default","simple","RB-PS-6-PLUIE",,"女","Size 6","雨鞋內墊約14.5cm","Catalog, Search","No","Enabled",0,"simple"
"admin","base","Default","simple","RB-PS-8-PLUIE",,"女","Size 8","雨鞋內墊約16.5cm","Catalog, Search","No","Enabled",0,"simple"
"admin","base","Default","simple","CAD-walrus-3SP",,"男,女",,"約38 x 38 cm(含提帶) / 38 x 14 cm(袋身)","Catalog, Search","No","Enabled",0,"simple"
"admin","base","Default","simple","BOX-dragon-3SP",,"男,女",,"約33 x 33 x 33 cm","Catalog, Search","No","Enabled",0,"simple"
"admin","base","Default","simple","BOX-pcock-3SP",,"男,女",,"約33 x 33 x 33 cm","Catalog, Search","No","Enabled",0,"simple"
"admin","base","Default","simple","BOX-unicorn-3SP",,"男,女",,"約33 x 33 x 33 cm","Catalog, Search","No","Enabled",0,"simple"
"admin","base","Default","simple","BIN-bear-3SP",,"男,女",,"高約44 cm / 直徑約43 cm","Catalog, Search","No","Enabled",0,"simple"
"admin","base","Default","simple","BIN-camel-3SP",,"男,女",,"高約44 cm / 直徑約43 cm","Catalog, Search","No","Enabled",0,"simple"
"admin","base","Default","simple","BIN-Owl-3SP",,"男,女",,"高約44 cm / 直徑約43 cm","Catalog, Search","No","Enabled",0,"simple"
"admin","base","Default","simple","WCJ-NB-LORALIN","0-3個月","男,女",,,"Catalog, Search","No","Enabled",0,"simple"
"admin","base","Default","simple","WCJ-3M-LORALIN"," 3-6個月","男,女",,,"Catalog, Search","No","Enabled",0,"simple"
"admin","base","Default","simple","WCJ-6M-LORALIN"," 6-12個月","男,女",,,"Catalog, Search","No","Enabled",0,"simple"
"admin","base","Default","simple","WCP-NB-LORALIN","0-3個月","男,女",,,"Catalog, Search","No","Enabled",0,"simple"
"admin","base","Default","simple","WCP-3M-LORALIN","3-6個月","男,女",,,"Catalog, Search","No","Enabled",0,"simple"
"admin","base","Default","simple","WCP-6M-LORALIN","6-12個月","男,女",,,"Catalog, Search","No","Enabled",0,"simple"
"admin","base","Default","simple","BW-3M-LORALIN","3-6個月","男,女",,,"Catalog, Search","No","Enabled",0,"simple"
"admin","base","Default","simple","BW-6M-LORALIN","6-12個月","男,女",,,"Catalog, Search","No","Enabled",0,"simple"
"admin","base","Default","simple","BW-12M-LORALIN","12-18個月","男,女",,,"Catalog, Search","No","Enabled",0,"simple"
"admin","base","Default","simple","BWR-3M-LORALIN","3-6個月","男,女",,,"Catalog, Search","No","Enabled",0,"simple"
"admin","base","Default","simple","BWR-6M-LORALIN","6-12個月","男,女",,,"Catalog, Search","No","Enabled",0,"simple"
"admin","base","Default","simple","BWR-12M-LORALIN","12-18個月","男,女",,,"Catalog, Search","No","Enabled",0,"simple"
"admin","base","Default","simple","BWT-3M-LORALIN","3-6個月","男,女",,,"Catalog, Search","No","Enabled",0,"simple"
"admin","base","Default","simple","BWT-6M-LORALIN","6-12個月","男,女",,,"Catalog, Search","No","Enabled",0,"simple"
"admin","base","Default","simple","BWT-12M-LORALIN","12-18個月","男,女",,,"Catalog, Search","No","Enabled",0,"simple"
"admin","base","Default","simple","WB-3M-LORALIN","3-6個月","男,女",,,"Catalog, Search","No","Enabled",0,"simple"
"admin","base","Default","simple","WB-6M-LORALIN","6-12個月","男,女",,,"Catalog, Search","No","Enabled",0,"simple"
"admin","base","Default","simple","WB-12M-LORALIN","12-18個月","男,女",,,"Catalog, Search","No","Enabled",0,"simple"
"admin","base","Default","simple","ZN-LORALIN","0-4個月","男,女",,,"Catalog, Search","No","Enabled",0,"simple"
"admin","base","Default","simple","ZB-LORALIN","0-4個月","男,女",,,"Catalog, Search","No","Enabled",0,"simple"
"admin","base","Default","simple","HN-6M-LORALIN","6-12個月","男,女",,,"Catalog, Search","No","Enabled",0,"simple"
"admin","base","Default","simple","HN-12M-LORALIN","12-18個月","男,女",,,"Catalog, Search","No","Enabled",0,"simple"
"admin","base","Default","simple","HE-6M-LORALIN","6-12個月","男,女",,,"Catalog, Search","No","Enabled",0,"simple"
"admin","base","Default","simple","HE-12M-LORALIN","12-18個月","男,女",,,"Catalog, Search","No","Enabled",0,"simple"
"admin","base","Default","simple","OG-3M-LORALIN","3-6個月","男,女",,,"Catalog, Search","No","Enabled",0,"simple"
"admin","base","Default","simple","OG-6M-LORALIN","6-12個月","男,女",,,"Catalog, Search","No","Enabled",0,"simple"
"admin","base","Default","simple","OG-12M-LORALIN","12-18個月","男,女",,,"Catalog, Search","No","Enabled",0,"simple"
"admin","base","Default","simple","BUS-LORALIN","0-4個月","男,女",,,"Catalog, Search","No","Enabled",0,"simple"
"admin","base","Default","simple","BNS-LORALIN","0-4個月","男,女",,,"Catalog, Search","No","Enabled",0,"simple"
"admin","base","Default","simple","RB-3M-LORALIN","3-6個月","男,女",,,"Catalog, Search","No","Enabled",0,"simple"
"admin","base","Default","simple","RB-6M-LORALIN","6-12個月","男,女",,,"Catalog, Search","No","Enabled",0,"simple"
"admin","base","Default","simple","RDM2T-EROSE","2-3歲","女",,"肩寬約24cm/前裙長約48cm後裙長約51cm","Catalog, Search","No","Enabled",0,"simple"
"admin","base","Default","simple","RDM3T-EROSE","3-4歲","女",,,"Catalog, Search","No","Enabled",0,"simple"
"admin","base","Default","simple","PDO6-12M-EROSE","6-12個月","女",,,"Catalog, Search","No","Enabled",0,"simple"
"admin","base","Default","simple","CDP18M-EROSE","12-18個月","女",,"肩寬約20cm/總長約40cm","Catalog, Search","No","Enabled",0,"simple"
"admin","base","Default","simple","CDO18M-EROSE","12-18個月","女",,"肩寬約24cm/袖長約27.5cm/總長約46cm","Catalog, Search","No","Enabled",0,"simple"
"admin","base","Default","simple","CDO2T-EROSE","2-3歲","女",,,"Catalog, Search","No","Enabled",0,"simple"
"admin","base","Default","simple","KTO18M-EROSE","12-18個月","女",,"肩寬約24cm/袖長約24cm/總長約43cm","Catalog, Search","No","Enabled",0,"simple"
"admin","base","Default","simple","KTO2T-EROSE","2-3歲","女",,,"Catalog, Search","No","Enabled",0,"simple"
"admin","base","Default","simple","KTO3T-EROSE","3-4歲","女",,,"Catalog, Search","No","Enabled",0,"simple"
"admin","base","Default","simple","KTG18M-EROSE","12-18個月","女",,"肩寬約24cm/袖長約24cm/總長約43cm","Catalog, Search","No","Enabled",0,"simple"
"admin","base","Default","simple","KTG2T-EROSE","2-3歲","女",,,"Catalog, Search","No","Enabled",0,"simple"
"admin","base","Default","simple","KTG3T-EROSE","3-4歲","女",,,"Catalog, Search","No","Enabled",0,"simple"
"admin","base","Default","simple","MDO18M-EROSE","12-18個月","女",,,"Catalog, Search","No","Enabled",0,"simple"
"admin","base","Default","simple","MDO2T-EROSE","2-3歲","女",,,"Catalog, Search","No","Enabled",0,"simple"
"admin","base","Default","simple","MDO3T-EROSE","3-4歲","女",,,"Catalog, Search","No","Enabled",0,"simple"
"admin","base","Default","simple","EDLD6-12M-EROSE","6-12個月","女",,"總長約36cm","Catalog, Search","No","Enabled",0,"simple"
"admin","base","Default","simple","EDLD2T-EROSE","2-3歲","女",,,"Catalog, Search","No","Enabled",0,"simple"
"admin","base","Default","simple","EDLD3T-EROSE","3-4歲","女",,,"Catalog, Search","No","Enabled",0,"simple"
"admin","base","Default","simple","MTN-005-MTN","新生","男,女",,"8oz/約250ml","Catalog, Search","No","Enabled",0,"simple"
"admin","base","Default","simple","MTN-001-MTN","新生","男,女",,"12oz/約355ml","Catalog, Search","No","Enabled",0,"simple"
"admin","base","Default","simple","MTN-010-MTN","新生","男,女",,"8oz/約250ml","Catalog, Search","No","Enabled",0,"simple"
"admin","base","Default","simple","MTN-029-MTN","新生","男,女",,"8oz/約250ml","Catalog, Search","No","Enabled",0,"simple"
"admin","base","Default","simple","MTN-026-MTN","新生","男,女",,"<li>有機草本兒童泡泡浴 355ml</li> <li>有機草本2合1洗髮沐浴露1瓶 250ml</li> <li>有機草本舒緩護膚乳液1瓶 250ml</li>","Catalog, Search","No","Enabled",0,"simple"
"admin","base","Default","simple","22LAV9-TPC","2-4歲","女",,"裙長約21cm/鬆緊腰帶平放約23cm,最大可拉至33cm(左至右測量)","Catalog, Search","No","Enabled",0,"simple"
"admin","base","Default","simple","22809RdShk9-TPC+Wng809Red-TPC","2-4歲","女",,"緞帶蓬裙 - 裙長度約20cm / 鬆緊腰帶平放約23cm, 最大約35cm(左至右測量)，扮裝翅膀 - 長約30.5cm / 寬約21cm","Catalog, Search","No","Enabled",0,"simple"
"admin","base","Default","simple","22809TrqPk9-TPC+Wng809Blue-TPC","2-4歲","女",,"緞帶蓬裙 - 裙長度約20cm / 鬆緊腰帶平放約23cm, 最大約35cm(左至右測量)，扮裝翅膀-長約30.5cm/寬約21cm","Catalog, Search","No","Enabled",0,"simple"
"admin","base","Default","simple","22Lav6-TPC","0-1歲","女",,"6”-- 腰到下擺長度約15cm","Catalog, Search","No","Enabled",0,"simple"
"admin","base","Default","simple","22Lav7-TPC","1-2歲","女",,"7”--腰到下擺長度約17.8cm","Catalog, Search","No","Enabled",0,"simple"
"admin","base","Default","simple","22Wht6-TPC","0-1歲","女",,"6”-- 腰到下擺長度約15cm","Catalog, Search","No","Enabled",0,"simple"
"admin","base","Default","simple","22Wht7-TPC","1-2歲","女",,"7”--腰到下擺長度約17.8cm","Catalog, Search","No","Enabled",0,"simple"
"admin","base","Default","simple","22HotPk6-TPC","0-1歲","女",,"6”-- 腰到下擺長度約15cm","Catalog, Search","No","Enabled",0,"simple"
"admin","base","Default","simple","22HotPk7-TPC","1-2歲","女",,"7”--腰到下擺長度約17.8cm","Catalog, Search","No","Enabled",0,"simple"
"admin","base","Default","simple","22BdayPK7-Set-TPC:WngBdayPK-TPC+22BdayPK7-TPC","1-2歲","女",,"裙長約17cm/鬆緊腰帶平放約22cm,最大約38cm(左至右測量)，長約30.5cm/寬約21cm","Catalog, Search","No","Enabled",0,"simple"
"admin","base","Default","simple","22BdayLAV7-Set-TPC:WngBdayLAV-TPC+22BdayLAV7-TPC","1-2歲","女",,"裙長約17cm/鬆緊腰帶平放約22cm,最大約38cm(左至右測量)，長約30.5cm/寬約21cm","Catalog, Search","No","Enabled",0,"simple"
"admin","base","Default","simple","22PKNV6-TPC ","0-1歲","女",,"裙長約15cm / 鬆緊腰帶平放約20cm, 最大約30cm (左至右測量)","Catalog, Search","No","Enabled",0,"simple"
"admin","base","Default","simple","22PKGNM6-TPC","0-1歲","女",,"裙長約15cm / 鬆緊腰帶平放約20cm, 最大約30cm (左至右測量)","Catalog, Search","No","Enabled",0,"simple"
"admin","base","Default","simple","22LcEgClnl6-TPC","0-1歲","女",,"裙長約12.5cm/鬆緊腰帶平放約20cm,最大可拉至30cm(左至右測量)","Catalog, Search","No","Enabled",0,"simple"
"admin","base","Default","simple","22LcEgPriW6-TPC","0-1歲","女",,"裙長約12.5cm/鬆緊腰帶平放約20cm,最大可拉至30cm(左至右測量)","Catalog, Search","No","Enabled",0,"simple"
"admin","base","Default","simple","1212RB-KSTYL",,"男,女",,"30.5公分 x 30.5公分 x 30.5公分","Catalog, Search","No","Enabled",0,"simple"
"admin","base","Default","simple","1212P-KSTYL",,"男,女",,"30.5公分 x 30.5公分 x 30.5公分","Catalog, Search","No","Enabled",0,"simple"
"admin","base","Default","simple","1212SG-KSTYL",,"男,女",,"30.5公分 x 30.5公分 x 30.5公分","Catalog, Search","No","Enabled",0,"simple"
"admin","base","Default","simple","9400-KSTYL",,"男,女",,"30.5公分 x 30.5公分 x 30.5公分","Catalog, Search","No","Enabled",0,"simple"
"admin","base","Default","simple","9425-KSTYL",,"男,女",,"30.5公分 x 30.5公分 x 30.5公分","Catalog, Search","No","Enabled",0,"simple"
"admin","base","Default","simple","9475-KSTYL",,"男,女",,"30.5公分 x 30.5公分 x 30.5公分","Catalog, Search","No","Enabled",0,"simple"
"admin","base","Default","simple","9500-KSTYL",,"男,女",,"30.5公分 x 30.5公分 x 30.5公分","Catalog, Search","No","Enabled",0,"simple"
"admin","base","Default","simple","9460-KSTYL",,"男,女",,"30.5公分 x 30.5公分 x 30.5公分","Catalog, Search","No","Enabled",0,"simple"
"admin","base","Default","simple","9470-KSTYL",,"男,女",,"30.5公分 x 30.5公分 x 30.5公分","Catalog, Search","No","Enabled",0,"simple"
"admin","base","Default","simple","8933100-KSTYL",,"男,女",,"大 - 長20.3公分 x 寬30.5公分 x 高8.9公分，中 - 長17.8公分 x 寬25.4公分 x 高8.2公分，小 - 長15.2公分 x 寬20.3公分 x 高7.6公分","Catalog, Search","No","Enabled",0,"simple"
"admin","base","Default","simple","8947000-KSTYL",,"男,女",,"大 - 長20.3公分 x 寬30.5公分 x 高8.9公分，中 - 長17.8公分 x 寬25.4公分 x 高8.2公分，小 - 長15.2公分 x 寬20.3公分 x 高7.6公分","Catalog, Search","No","Enabled",0,"simple"
"admin","base","Default","simple","4013547-KSTYL",,"男,女",,"長25.4公分x寬14公分x高23公分","Catalog, Search","No","Enabled",0,"simple"
"admin","base","Default","simple","4043617-KSTYL",,"男,女",,"長25.4公分x寬14公分x高23公分","Catalog, Search","No","Enabled",0,"simple"
"admin","base","Default","simple","SSFox1ZNat12mo-CLK","6-12個月","男,女",,"適用7-10公斤/63-71公分","Catalog, Search","No","Enabled",0,"simple"
"admin","base","Default","simple","SSFox1ZNat18mo-CLK","12-18個月","男,女",,"適用10-12公斤/73-79公分","Catalog, Search","No","Enabled",0,"simple"
"admin","base","Default","simple","SSOwl1ZDjn6mo-CLK","3-6個月","男,女",,"適用3-7公斤/43-61公分","Catalog, Search","No","Enabled",0,"simple"
"admin","base","Default","simple","SSOwl1ZDjn12mo-CLK","6-12個月","男,女",,"適用7-10公斤/63-71公分","Catalog, Search","No","Enabled",0,"simple"
"admin","base","Default","simple","SSBee1ZNat6mo-CLK","3-6個月","男,女",,"適用3-7公斤/43-61公分","Catalog, Search","No","Enabled",0,"simple"
"admin","base","Default","simple","SSBee1ZNat12mo-CLK","6-12個月","男,女",,"適用7-10公斤/63-71公分","Catalog, Search","No","Enabled",0,"simple"
"admin","base","Default","simple","SSPan1ZBLk12mo-CLK","6-12個月","男,女",,"適用7-10公斤/63-71公分","Catalog, Search","No","Enabled",0,"simple"
"admin","base","Default","simple","SSPan1ZBlk18mo-CLK","12-18個月","男,女",,"適用10-12公斤/73-79公分","Catalog, Search","No","Enabled",0,"simple"
"admin","base","Default","simple","SSDin1ZLmn6mo-CLK","3-6個月","男,女",,"適用3-7公斤/43-61公分","Catalog, Search","No","Enabled",0,"simple"
"admin","base","Default","simple","SSDin1ZLmn12mo-CLK","6-12個月","男,女",,"適用7-10公斤/63-71公分","Catalog, Search","No","Enabled",0,"simple"
"admin","base","Default","simple","SSBun1ZPnk6mo-CLK","3-6個月","男,女",,"適用3-7公斤/43-61公分","Catalog, Search","No","Enabled",0,"simple"
"admin","base","Default","simple","SSBun1ZPnk12mo-CLK","6-12個月","男,女",,"適用7-10公斤/63-71公分","Catalog, Search","No","Enabled",0,"simple"
"admin","base","Default","simple","SSCow1ZGrn6mo-CLK","3-6個月","男,女",,"適用3-7公斤/43-61公分","Catalog, Search","No","Enabled",0,"simple"
"admin","base","Default","simple","SSCow1ZGrn12mo-CLK","6-12個月","男,女",,"適用7-10公斤/63-71公分","Catalog, Search","No","Enabled",0,"simple"
"admin","base","Default","simple","LSBun1ZRed6mo-CLK","3-6個月","男,女",,"適用3-7公斤/43-61公分","Catalog, Search","No","Enabled",0,"simple"
"admin","base","Default","simple","LSBun1ZRed18mo-CLK","12-18個月","男,女",,"適用10-12公斤/73-79公分","Catalog, Search","No","Enabled",0,"simple"
"admin","base","Default","simple","LSSeal1ZBl12mo-CLK","6-12個月","男,女",,"適用7-10公斤/63-71公分","Catalog, Search","No","Enabled",0,"simple"
"admin","base","Default","simple","LSSeal1ZBl18mo-CLK","12-18個月","男,女",,"適用10-12公斤/73-79公分","Catalog, Search","No","Enabled",0,"simple"
"admin","base","Default","simple","LSDino1ZNav6mo-CLK","3-6個月","男,女",,"適用3-7公斤/43-61公分","Catalog, Search","No","Enabled",0,"simple"
"admin","base","Default","simple","LSDino1ZNav12mo-CLK","6-12個月","男,女",,"適用7-10公斤/63-71公分","Catalog, Search","No","Enabled",0,"simple"
"admin","base","Default","simple","LSDinoTNav2T-CLK","2-3歲","男,女",,"2T-長度53公分/胸圍81-91公分","Catalog, Search","No","Enabled",0,"simple"
"admin","base","Default","simple","LSDinoTNav4T-CLK","4-5歲","男,女",,"4T-長度56公分/胸圍91-102公分","Catalog, Search","No","Enabled",0,"simple"
"admin","base","Default","simple","LSSealTNav2T-CLK","2-3歲","男,女",,"2T-長度53公分/胸圍81-91公分","Catalog, Search","No","Enabled",0,"simple"
"admin","base","Default","simple","LSSealTNav4T-CLK","4-5歲","男,女",,"4T-長度56公分/胸圍91-102公分","Catalog, Search","No","Enabled",0,"simple"
"admin","base","Default","simple","SSCowTGrn2T-CLK","2-3歲","男,女",,"2T-長度53公分/胸圍81-91公分","Catalog, Search","No","Enabled",0,"simple"
"admin","base","Default","simple","SSCowTGrn4T-CLK","4-5歲","男,女",,"4T-長度56公分/胸圍91-102公分","Catalog, Search","No","Enabled",0,"simple"
"admin","base","Default","simple","SSPanTOrng2T-CLK","2-3歲","男,女",,"2T-長度53公分/胸圍81-91公分","Catalog, Search","No","Enabled",0,"simple"
"admin","base","Default","simple","SSPanTOrng4T-CLK","4-5歲","男,女",,"4T-長度56公分/胸圍91-102公分","Catalog, Search","No","Enabled",0,"simple"
"admin","base","Default","simple","SSOwlTDj2T-CLK","2-3歲","男,女",,"2T-長度53公分/胸圍81-91公分","Catalog, Search","No","Enabled",0,"simple"
"admin","base","Default","simple","SSOwlTDj4T-CLK","4-5歲","男,女",,"4T-長度56公分/胸圍91-102公分","Catalog, Search","No","Enabled",0,"simple"
"admin","base","Default","simple","YellowBib-CLK","0-3歲","男,女",,"one size","Catalog, Search","No","Enabled",0,"simple"
"admin","base","Default","simple","BlackBib-CLK","0-3歲","男,女",,"one size","Catalog, Search","No","Enabled",0,"simple"
"admin","base","Default","simple","PolkaBib-CLK","0-3歲","男,女",,"one size","Catalog, Search","No","Enabled",0,"simple"
"admin","base","Default","simple","MMGreen-MM","10個月以上","男,女",,"約13.5x10x10公分、96公克","Catalog, Search","No","Enabled",0,"simple"
"admin","base","Default","simple","RBWSDNB-P100-RB","0-3個月","女",,,"Catalog, Search","No","Enabled",0,"simple"
"admin","base","Default","simple","RBWSD03-P100-RB","3-6個月","女",,,"Catalog, Search","No","Enabled",0,"simple"
"admin","base","Default","simple","RBWSD06-P100-RB","6-12個月","女",,,"Catalog, Search","No","Enabled",0,"simple"
"admin","base","Default","simple","RBWSD12-P100-RB","12-18個月","女",,,"Catalog, Search","No","Enabled",0,"simple"
"admin","base","Default","simple","RBWSD18-P100-RB","18-24個月 ","女",,,"Catalog, Search","No","Enabled",0,"simple"
"admin","base","Default","simple","RBWSD2T-P100-RB","2-3歲","女",,,"Catalog, Search","No","Enabled",0,"simple"
"admin","base","Default","simple","RCDDB06-0000-RB","6-12個月","女",,,"Catalog, Search","No","Enabled",0,"simple"
"admin","base","Default","simple","RCDDB12-0000-RB","12-18個月","女",,,"Catalog, Search","No","Enabled",0,"simple"
"admin","base","Default","simple","RCDDB18-0000-RB","18-24個月 ","女",,,"Catalog, Search","No","Enabled",0,"simple"
"admin","base","Default","simple","RCDDB2T-0000-RB","2-3歲","女",,,"Catalog, Search","No","Enabled",0,"simple"
"admin","base","Default","simple","RLKBK00-0000-RB","0-6個月 ","女",,,"Catalog, Search","No","Enabled",0,"simple"
"admin","base","Default","simple","RLKBK06-0000-RB","6-12個月","女",,,"Catalog, Search","No","Enabled",0,"simple"
"admin","base","Default","simple","RLKGY00-0000-RB","0-6個月 ","女",,,"Catalog, Search","No","Enabled",0,"simple"
"admin","base","Default","simple","RLKGY06-0000-RB","6-12個月","女",,,"Catalog, Search","No","Enabled",0,"simple"
"admin","base","Default","simple","RCKLA12-0000-RB","12-18個月","女",,,"Catalog, Search","No","Enabled",0,"simple"
"admin","base","Default","simple","RCKLA18-0000-RB","18-24個月 ","女",,,"Catalog, Search","No","Enabled",0,"simple"
"admin","base","Default","simple","RCKLA2T-0000-RB","2-3歲","女",,,"Catalog, Search","No","Enabled",0,"simple"
"admin","base","Default","simple","GJDMB18-0000-RB","18-24個月 ","女",,,"Catalog, Search","No","Enabled",0,"simple"
"admin","base","Default","simple","GJDMB2T-0000-RB","2-3歲","女",,,"Catalog, Search","No","Enabled",0,"simple"
"admin","base","Default","simple","53181PastelKitchen-KK","3歲以上","男,女",,"107.3公分(長) x40.6(公分)寬x109.2公分(高)/重量：38.4公斤","Catalog, Search","No","Enabled",0,"simple"
"admin","base","Default","simple","53260EspressoKitchen-KK","3歲以上","男,女",,"108公分(長) x43.4(公分)寬x104公分(高)/重量：36.3公斤","Catalog, Search","No","Enabled",0,"simple"
"admin","base","Default","simple","53173RedVintageKitchen-KK","3歲以上","男,女",,"83.8公分(長) x33(公分)寬x90.7公分(高)/重量：22.7公斤","Catalog, Search","No","Enabled",0,"simple"
"admin","base","Default","simple","53179PinkVintageKitchen-KK","3歲以上","男,女",,"83.8公分(長) x33(公分)寬x90.7公分(高)/重量：22.7公斤","Catalog, Search","No","Enabled",0,"simple"
"admin","base","Default","simple","65275PrettyPetalHouse-KK","3歲以上","男,女",,"49公分(長) x36(公分)寬x51.8公分(高)/重量：11公斤","Catalog, Search","No","Enabled",0,"simple"
"admin","base","Default","simple","21201AspenTableSetWhite-KK","3-8歲","男,女",,"桌子-61公分(長) x 61公分(寬) x 48公分(高),椅子-29公分(長) x 30公分(寬) x 27公分(高)/  重量：14公斤","Catalog, Search","No","Enabled",0,"simple"
"admin","base","Default","simple","26913HeartTable-KK","3-8歲","男,女",,"桌子-76.8公分(長) x 56.5公分(寬) x 52公分(高),椅子-29.8公分(長) x 29.8公分(寬) x50.8公分(高),椅面高度27.9公分/重量：17.4公斤","Catalog, Search","No","Enabled",0,"simple"
"admin","base","Default","simple","14956ToyBoxEspresso-KK","3-8歲","男,女",,"77.6公分(長) x46.4公分(寬) x 49.8公分(高),重量：15.5公斤","Catalog, Search","No","Enabled",0,"simple"
"admin","base","Default","simple","14951ToyBoxWht-KK","3-8歲","男,女",,"77.6公分(長) x46.4公分(寬) x 49.8公分(高),重量：15.5公斤","Catalog, Search","No","Enabled",0,"simple"
"admin","base","Default","simple","14953ToyBoxNat-KK","3-8歲","男,女",,"77.6公分(長) x46.4公分(寬) x 49.8公分(高),重量：15.5公斤","Catalog, Search","No","Enabled",0,"simple"
"admin","base","Default","simple","14221SlingBookshelfNat-KK","3歲以上","男,女",,"60.96公分(長) x 30.48公分(寬) x 71.12公分(高) ,重量：7.3公斤","Catalog, Search","No","Enabled",0,"simple"
"admin","base","Default","simple","1008-LILACOSM","1歲以上","女",,"14ml/液態0.5oz.","Catalog, Search","No","Enabled",0,"simple"
"admin","base","Default","simple","1003-LILACOSM","1歲以上","女",,"14ml/液態0.5oz.","Catalog, Search","No","Enabled",0,"simple"
"admin","base","Default","simple","1016-LILACOSM","1歲以上","女",,"14ml/液態0.5oz.","Catalog, Search","No","Enabled",0,"simple"
"admin","base","Default","simple","1015-LILACOSM","1歲以上","女",,"14ml/液態0.5oz.","Catalog, Search","No","Enabled",0,"simple"
"admin","base","Default","simple","1013-LILACOSM","1歲以上","女",,"14ml/液態0.5oz.","Catalog, Search","No","Enabled",0,"simple"
"admin","base","Default","simple","1014-LILACOSM","1歲以上","女",,"14ml/液態0.5oz.","Catalog, Search","No","Enabled",0,"simple"
"admin","base","Default","simple","1009-LILACOSM","1歲以上","女",,"14ml/液態0.5oz.","Catalog, Search","No","Enabled",0,"simple"
"admin","base","Default","simple","1010-LILACOSM","1歲以上","女",,"14ml/液態0.5oz.","Catalog, Search","No","Enabled",0,"simple"
"admin","base","Default","simple","1011-LILACOSM","1歲以上","女",,"14ml/液態0.5oz.","Catalog, Search","No","Enabled",0,"simple"
"admin","base","Default","simple","1004-LILACOSM","1歲以上","女",,"14ml/液態0.5oz.","Catalog, Search","No","Enabled",0,"simple"
"admin","base","Default","simple","E525001-EDUSHP","1歲以上","男,女",,"包裝約44×10x33(cm)","Catalog, Search","No","Enabled",0,"simple"
"admin","base","Default","simple","E547023-EDUSHP","3歲以上","男,女",,"包裝約25×25x6（cm）","Catalog, Search","No","Enabled",0,"simple"
"admin","base","Default","simple","E547024-EDUSHP","3歲以上","男,女",,"包裝約25×25x6（cm）","Catalog, Search","No","Enabled",0,"simple"
"admin","base","Default","simple","E547005-EDUSHP","2歲以上","男,女",,"包裝約25×25x6（cm）","Catalog, Search","No","Enabled",0,"simple"
"admin","base","Default","simple","E915019-EDUSHP","3歲以上","男,女",,"包裝約28×22x5（cm）","Catalog, Search","No","Enabled",0,"simple"
"admin","base","Default","simple","E526023-EDUSHP","1歲以上","男,女",,"包裝約24×22x4（cm）","Catalog, Search","No","Enabled",0,"simple"
"admin","base","Default","simple","E909006-EDUSHP","3歲以上","男,女",,"包裝約25×2x23.5（cm）","Catalog, Search","No","Enabled",0,"simple"
"admin","base","Default","simple","E706132-EDUSHP","3歲以上","男,女",,"每片約32×32cm/厚度1.3cm","Catalog, Search","No","Enabled",0,"simple"
"admin","base","Default","simple","E706150-EDUSHP","3歲以上","男,女",,"每片約32×32cm/厚度1.3cm","Catalog, Search","No","Enabled",0,"simple"
"admin","base","Default","simple","E705175-EDUSHP","6個月以上","男,女",,"包裝約22×10x26cm/球直徑約10cm","Catalog, Search","No","Enabled",0,"simple"
"admin","base","Default","simple","E851003-EDUSHP","6個月以上","男,女",,"約19×14x23cm","Catalog, Search","No","Enabled",0,"simple"
"admin","base","Default","simple","E975054-EDUSHP","3歲以上","男,女",,"包裝約30×10x21cm","Catalog, Search","No","Enabled",0,"simple"
"admin","base","Default","simple","E716167-EDUSHP","2歲以上","男,女",,"包裝約30.5×30.5x9.5cm","Catalog, Search","No","Enabled",0,"simple"
"admin","base","Default","simple","E705191-EDUSHP","6個月以上","男,女",,"包裝約21×8x23cm/球直徑約18cm","Catalog, Search","No","Enabled",0,"simple"
"admin","base","Default","simple","MBB1008.SOLO-MIXIE","新生","男,女",,"奶瓶組：240cc奶瓶 * 1 / 第二階段奶嘴 * 1,防脹氣奶嘴：高 2-2/8"" 英吋/底部直徑 5英吋,第一階段:單一圓孔(非十字形吸孔)/奶粉儲存盒：240ml容量約40公克","Catalog, Search","No","Enabled",0,"simple"
"admin","base","Default","simple","6973-LEARN","4-6歲","男,女",,"12.7x10.2cm","Catalog, Search","No","Enabled",0,"simple"
"admin","base","Default","simple","1455-LEARN","3-8歲","男,女",,"30.7x16x21.3cm","Catalog, Search","No","Enabled",0,"simple"
"admin","base","Default","simple","6906-LEARN","6-11歲","男,女",,"12.2x22.1x37.8cm","Catalog, Search","No","Enabled",0,"simple"
"admin","base","Default","simple","2781-LEARN","3-6歲","男,女",,"11.4x8.9cm","Catalog, Search","No","Enabled",0,"simple"
"admin","base","Default","simple","2421-LEARN","3-10歲","男,女",,"13x15cm","Catalog, Search","No","Enabled",0,"simple"
"admin","base","Default","simple","9162-LEARN","3-10歲","男,女",,"30.5x27.4x30.5cm","Catalog, Search","No","Enabled",0,"simple"
"admin","base","Default","simple","9153-LEARN","3-6歲","男,女",,"最長可至4英尺(約122公分)","Catalog, Search","No","Enabled",0,"simple"
"admin","base","Default","simple","2690-LEARN","3-9歲","男,女",,"25.6cm長x20.5cm寬x36.5cm高","Catalog, Search","No","Enabled",0,"simple"
"admin","base","Default","simple","2665-LEARN","3-6歲","男,女",,"30.2x9.1x30.7cm","Catalog, Search","No","Enabled",0,"simple"
"admin","base","Default","simple","85001-Shrunks","2歲以上","男,女",,"充氣後152×94×23（cm）／收折後40×18×18（cm）/重量：3公斤,最大承重：68公斤","Catalog, Search","No","Enabled",0,"simple"
"admin","base","Default","simple","88028-Shrunks","４歲以上","男,女",,"充氣後196×117×23（cm）／收折後40×18×18（cm）/4公斤,最大承重：68公斤","Catalog, Search","No","Enabled",0,"simple"
"admin","base","Default","simple","88046-Shrunks","2歲以上","男,女",,"充氣後122×18×10（cm）／收折後18×18×5（cm）,重量: 0.27公斤/最大承重：68公斤","Catalog, Search","No","Enabled",0,"simple"
"admin","base","Default","simple","88051-SHRUNKS","2歲以上","男,女",,"尺寸：66×127（cm）重量： 0.27公斤","Catalog, Search","No","Enabled",0,"simple"
"admin","base","Default","simple","5008-LILACOSM","1歲以上","女",,"10.5ml","Catalog, Search","No","Enabled",0,"simple"
"admin","base","Default","simple","5026-LILACOSM","1歲以上","女",,"10.5ml","Catalog, Search","No","Enabled",0,"simple"
"admin","base","Default","simple","5025-LILACOSM","1歲以上","女",,"10.5ml","Catalog, Search","No","Enabled",0,"simple"
"admin","base","Default","simple","5017-LILACOSM","1歲以上","女",,"10.5ml","Catalog, Search","No","Enabled",0,"simple"
"admin","base","Default","simple","5028-LILACOSM","1歲以上","女",,"10.5ml","Catalog, Search","No","Enabled",0,"simple"
"admin","base","Default","simple","5023-LILACOSM","1歲以上","女",,"10.5ml","Catalog, Search","No","Enabled",0,"simple"
"admin","base","Default","simple","5005-LILACOSM","1歲以上","女",,"10.5ml","Catalog, Search","No","Enabled",0,"simple"
"admin","base","Default","simple","5033-LILACOSM","1歲以上","女",,"10.5ml","Catalog, Search","No","Enabled",0,"simple"
"admin","base","Default","simple","5029-LILACOSM","1歲以上","女",,"10.5ml","Catalog, Search","No","Enabled",0,"simple"
"admin","base","Default","simple","5027-LILACOSM","1歲以上","女",,"10.5ml","Catalog, Search","No","Enabled",0,"simple"
"admin","base","Default","simple","2350-LEARN","4-6歲","男,女",,"15.2cm","Catalog, Search","No","Enabled",0,"simple"
"admin","base","Default","simple","2349-LEARN","4-6歲","男,女",,"15.2cm","Catalog, Search","No","Enabled",0,"simple"
"admin","base","Default","simple","2351-LEARN","3-6歲","男,女",,"16.7x12.9x6.6cm","Catalog, Search","No","Enabled",0,"simple"
"admin","base","Default","simple","2353-LEARN","3-6歲","男,女",,"16.7x12.9x6.6cm","Catalog, Search","No","Enabled",0,"simple"
"admin","base","Default","simple","2355-LEARN","3-6歲","男,女",,"16.7x12.9x6.6cm","Catalog, Search","No","Enabled",0,"simple"
"admin","base","Default","simple","2354-LEARN","3-6歲","男,女",,"16.7x12.9x6.6cm","Catalog, Search","No","Enabled",0,"simple"
"admin","base","Default","simple","2384-LEARN","3-6歲","男,女",,"16x28x10cm","Catalog, Search","No","Enabled",0,"simple"
"admin","base","Default","simple","HDJr4Pack+Ace-LEARN","3-6歲","男,女",,"16.7x12.9x6.6cm","Catalog, Search","No","Enabled",0,"simple"
"admin","base","Default","simple","HDJr4Pack+KatPen-LEARN","3-6歲","男,女",,"16.7x12.9x6.6cm","Catalog, Search","No","Enabled",0,"simple"
"admin","base","Default","simple","SDCBK12-FOD0-RB","12-18個月","女",,,"Catalog, Search","No","Enabled",0,"simple"
"admin","base","Default","simple","SDSRD06-RUO0-RB","6-12個月","女",,,"Catalog, Search","No","Enabled",0,"simple"
"admin","base","Default","simple","SDSRD12-RUO0-RB","12-18個月","女",,,"Catalog, Search","No","Enabled",0,"simple"
"admin","base","Default","simple","SDSRD18-RUO0-RB","18-24個月 ","女",,,"Catalog, Search","No","Enabled",0,"simple"
"admin","base","Default","simple","SDSRD2T-RUO0-RB","2-3歲","女",,,"Catalog, Search","No","Enabled",0,"simple"
"admin","base","Default","simple","SDWPI06-RU00-RB","6-12個月","女",,,"Catalog, Search","No","Enabled",0,"simple"
"admin","base","Default","simple","SDWPI12-RU00-RB","12-18個月","女",,,"Catalog, Search","No","Enabled",0,"simple"
"admin","base","Default","simple","SDWPI18-RU00-RB","18-24個月 ","女",,,"Catalog, Search","No","Enabled",0,"simple"
"admin","base","Default","simple","SDWPI2T-RU00-RB","2-3歲","女",,,"Catalog, Search","No","Enabled",0,"simple"
"admin","base","Default","simple","SKSWH03-WS22-RB","3-6個月","女",,,"Catalog, Search","No","Enabled",0,"simple"
"admin","base","Default","simple","SKSWH06-WS22-RB","6-12個月","女",,,"Catalog, Search","No","Enabled",0,"simple"
"admin","base","Default","simple","SKSWH12-WS22-RB","12-18個月","女",,,"Catalog, Search","No","Enabled",0,"simple"
"admin","base","Default","simple","SKSWH18-WS22-RB","18-24個月 ","女",,,"Catalog, Search","No","Enabled",0,"simple"
"admin","base","Default","simple","SKSWH2T-WS22-RB","2-3歲","女",,,"Catalog, Search","No","Enabled",0,"simple"
"admin","base","Default","simple","SKSWH3T-WS22-RB","3-4歲","女",,,"Catalog, Search","No","Enabled",0,"simple"
"admin","base","Default","simple","SKSPI18-PM22-RB","18-24個月 ","女",,,"Catalog, Search","No","Enabled",0,"simple"
"admin","base","Default","simple","SKSPI2T-PM22-RB","2-3歲","女",,,"Catalog, Search","No","Enabled",0,"simple"
"admin","base","Default","simple","SKSPI3T-PM22-RB","3-4歲","女",,,"Catalog, Search","No","Enabled",0,"simple"
"admin","base","Default","simple","RLKWH00-0000-RB","0-6個月","女",,,"Catalog, Search","No","Enabled",0,"simple"
"admin","base","Default","simple","RLKWH06-0000-RB","6-12個月","女",,,"Catalog, Search","No","Enabled",0,"simple"
"admin","base","Default","simple","RLKWH12-0000-RB","1-2歲","女",,,"Catalog, Search","No","Enabled",0,"simple"
"admin","base","Default","simple","RLKWH2T-0000-RB","2-5歲","女",,,"Catalog, Search","No","Enabled",0,"simple"
"admin","base","Default","simple","HOKPI18-PS00-RB","18-24個月","女",,,"Catalog, Search","No","Enabled",0,"simple"
"admin","base","Default","simple","SSKFU06-PRC0-RB","6-12個月","女",,,"Catalog, Search","No","Enabled",0,"simple"
"admin","base","Default","simple","SSKFU12-PRC0-RB","12-18個月","女",,,"Catalog, Search","No","Enabled",0,"simple"
"admin","base","Default","simple","SSKFU18-PRC0-RB","18-24個月 ","女",,,"Catalog, Search","No","Enabled",0,"simple"
"admin","base","Default","simple","SSKFU2T-PRC0-RB","2-3歲","女",,,"Catalog, Search","No","Enabled",0,"simple"
"admin","base","Default","simple","SSKFU3T-PRC0-RB","3-4歲","女",,,"Catalog, Search","No","Enabled",0,"simple"
"admin","base","Default","simple","PGKPL2T-PLO0-RB","2-3歲","女",,,"Catalog, Search","No","Enabled",0,"simple"
"admin","base","Default","simple","PGKPL3T-PLO0-RB","3-4歲","女",,,"Catalog, Search","No","Enabled",0,"simple"
"admin","base","Default","simple","PGKNV2T-NAO0-RB","2-3歲","女",,,"Catalog, Search","No","Enabled",0,"simple"
"admin","base","Default","simple","PGKNV3T-NAO0-RB","3-4歲","女",,,"Catalog, Search","No","Enabled",0,"simple"
"admin","base","Default","simple","GTWCH12-RF00-RB","12-18個月","女",,,"Catalog, Search","No","Enabled",0,"simple"
"admin","base","Default","simple","GTWCH18-RF00-RB","18-24個月 ","女",,,"Catalog, Search","No","Enabled",0,"simple"
"admin","base","Default","simple","GTWCH2T-RF00-RB","2-3歲","女",,,"Catalog, Search","No","Enabled",0,"simple"
"admin","base","Default","simple","GTWCH3T-RF00-RB","3-4歲","女",,,"Catalog, Search","No","Enabled",0,"simple"
"admin","base","Default","simple","ONKTE00-TES0-RB","0-3個月","女",,,"Catalog, Search","No","Enabled",0,"simple"
"admin","base","Default","simple","ONKTE03-TES0-RB","3-6個月","女",,,"Catalog, Search","No","Enabled",0,"simple"
"admin","base","Default","simple","ONKTE06-TES0-RB","6-12個月","女",,,"Catalog, Search","No","Enabled",0,"simple"
"admin","base","Default","simple","ONKTE12-TES0-RB","12-18個月","女",,,"Catalog, Search","No","Enabled",0,"simple"
"admin","base","Default","simple","ONKTE18-TES0-RB","18-24個月","女",,,"Catalog, Search","No","Enabled",0,"simple"
"admin","base","Default","simple","ONMPI12-USLS-RB","18-24個月","女",,,"Catalog, Search","No","Enabled",0,"simple"
"admin","base","Default","simple","BCKBR03-MOMO-RB","3-6個月","男",,,"Catalog, Search","No","Enabled",0,"simple"
"admin","base","Default","simple","BCKBR06-MOMO-RB","6-12個月","男",,,"Catalog, Search","No","Enabled",0,"simple"
"admin","base","Default","simple","BCKBR12-MOMO-RB","12-18個月","男",,,"Catalog, Search","No","Enabled",0,"simple"
"admin","base","Default","simple","BOKOL00-SM00-RB","0-3個月","男,女",,,"Catalog, Search","No","Enabled",0,"simple"
"admin","base","Default","simple","BOKOL03-SM00-RB","3-6個月","男,女",,,"Catalog, Search","No","Enabled",0,"simple"
"admin","base","Default","simple","BOKOL06-SM00-RB","6-12個月","男,女",,,"Catalog, Search","No","Enabled",0,"simple"
"admin","base","Default","simple","P4BRS-EdgePub",,"男,女",,,"Catalog, Search","No","Enabled",0,"simple"
"admin","base","Default","simple","K4BRS-EdgePub",,"男,女",,,"Catalog, Search","No","Enabled",0,"simple"
"admin","base","Default","simple","14BRS-EdgePub",,"男,女",,,"Catalog, Search","No","Enabled",0,"simple"
"admin","base","Default","simple","2629-LEARN","3-8歲","男,女",,"26.6cm長x24.1cm寬x13.9cm高","Catalog, Search","No","Enabled",0,"simple"
"admin","base","Default","simple","9082-LEARN","3-5歲","男,女",,"16.7x12.9x6.6cm","Catalog, Search","No","Enabled",0,"simple"
"admin","base","Default","simple","3294-LEARN","2-7歲","男,女",,"30.7x22.9x10.7cm","Catalog, Search","No","Enabled",0,"simple"
"admin","base","Default","simple","9155-LEARN","3-6歲","男,女",,"10.9x20.3x25.7cm","Catalog, Search","No","Enabled",0,"simple"
"admin","base","Default","simple","9266-LEARN","2-6歲","男,女",,"22.9x17.8x15.2cm","Catalog, Search","No","Enabled",0,"simple"
"admin","base","Default","simple","9730-LEARN","2-8歲","男,女",,"25.4x18.3x10.2cm","Catalog, Search","No","Enabled",0,"simple"
"admin","base","Default","simple","9732-LEARN","2-8歲","男,女",,"25.4x18.3x10.2cm","Catalog, Search","No","Enabled",0,"simple"
"admin","base","Default","simple","9720-LEARN","2-8歲","男,女",,"包裝約13x13x13cm","Catalog, Search","No","Enabled",0,"simple"
"admin","base","Default","simple","7287-LEARN","3-6歲","男,女",,"26.7x26.7x6.4cm","Catalog, Search","No","Enabled",0,"simple"
"admin","base","Default","simple","9077-LEARN","3-5歲","男,女",,"8.3x11.4cm","Catalog, Search","No","Enabled",0,"simple"
"admin","base","Default","simple","9048-LEARN","3-6歲","男,女",,"29.7x8.4x37.6cm","Catalog, Search","No","Enabled",0,"simple"
"admin","base","Default","simple","7201-LEARN","2-5歲","男,女",,"25.7x13x25.9cm","Catalog, Search","No","Enabled",0,"simple"
"admin","base","Default","simple","7203-LEARN","2-5歲","男,女",,"13x25.4x27.9cm","Catalog, Search","No","Enabled",0,"simple"
"admin","base","Default","simple","7207-LEARN","2-5歲","男,女",,"8.1x25.4x25.7cm","Catalog, Search","No","Enabled",0,"simple"
"admin","base","Default","simple","1422-6m-Tomat","6-12個月","男,女",,,"Catalog, Search","No","Enabled",0,"simple"
"admin","base","Default","simple","1422-12m-Tomat","12-18個月","男,女",,,"Catalog, Search","No","Enabled",0,"simple"
"admin","base","Default","simple","1442-6m-Tomat","6-12個月","男,女",,,"Catalog, Search","No","Enabled",0,"simple"
"admin","base","Default","simple","1442-12m-Tomat","12-18個月","男,女",,,"Catalog, Search","No","Enabled",0,"simple"
"admin","base","Default","simple","1421-6m-Tomat","6-12個月","男,女",,,"Catalog, Search","No","Enabled",0,"simple"
"admin","base","Default","simple","1421-12m-Tomat","12-18個月","男,女",,,"Catalog, Search","No","Enabled",0,"simple"
"admin","base","Default","simple","1441-6m-Tomat","6-12個月","男,女",,,"Catalog, Search","No","Enabled",0,"simple"
"admin","base","Default","simple","1441-12m-Tomat","12-18個月","男,女",,,"Catalog, Search","No","Enabled",0,"simple"
"admin","base","Default","simple","1301-12m-Tomat","12-18個月","男,女",,,"Catalog, Search","No","Enabled",0,"simple"
"admin","base","Default","simple","8002-2T-Tomat","2-3歲 ","男,女",,,"Catalog, Search","No","Enabled",0,"simple"
"admin","base","Default","simple","1411-12m-Tomat","12-18個月","女",,,"Catalog, Search","No","Enabled",0,"simple"
"admin","base","Default","simple","1411-2T-Tomat","2-3歲 ","女",,,"Catalog, Search","No","Enabled",0,"simple"
"admin","base","Default","simple","1104-12m-Tomat","12-18個月","女",,,"Catalog, Search","No","Enabled",0,"simple"
"admin","base","Default","simple","1104-2T-Tomat","2-3歲 ","女",,,"Catalog, Search","No","Enabled",0,"simple"
"admin","base","Default","simple","9011-12m-Tomat","12-18個月","女",,,"Catalog, Search","No","Enabled",0,"simple"
"admin","base","Default","simple","9011-2T-Tomat","2-3歲 ","女",,,"Catalog, Search","No","Enabled",0,"simple"
"admin","base","Default","simple","LimBwlr2y-CB","1-2歲","男",,,"Catalog, Search","No","Enabled",0,"simple"
"admin","base","Default","simple","LimBwlr3y-CB","2-3歲 ","男",,,"Catalog, Search","No","Enabled",0,"simple"
"admin","base","Default","simple","MstBwlr2y-CB","1-2歲","男",,,"Catalog, Search","No","Enabled",0,"simple"
"admin","base","Default","simple","MstBwlr3y-CB","2-3歲 ","男",,,"Catalog, Search","No","Enabled",0,"simple"
"admin","base","Default","simple","LimBrtch2yA-CB","1-2歲","男",,,"Catalog, Search","No","Enabled",0,"simple"
"admin","base","Default","simple","LimBrtch3yA-CB","2-3歲 ","男",,,"Catalog, Search","No","Enabled",0,"simple"
"admin","base","Default","simple","LimBrtch3yWhl-CB","2-3歲 ","男",,,"Catalog, Search","No","Enabled",0,"simple"
"admin","base","Default","simple","MstBrtch2yC-CB","1-2歲","男",,,"Catalog, Search","No","Enabled",0,"simple"
"admin","base","Default","simple","MstBrtch3yC-CB","2-3歲 ","男",,,"Catalog, Search","No","Enabled",0,"simple"
"admin","base","Default","simple","CrlBrtch2yB-CB","1-2歲","男",,,"Catalog, Search","No","Enabled",0,"simple"
"admin","base","Default","simple","CrlBrtch3yB-CB","2-3歲 ","男",,,"Catalog, Search","No","Enabled",0,"simple"
"admin","base","Default","simple","MstBrtch3yWhl-CB","2-3歲 ","男",,,"Catalog, Search","No","Enabled",0,"simple"
"admin","base","Default","simple","CrlBlmr1yTrtl-CB","0-1歲","女",,,"Catalog, Search","No","Enabled",0,"simple"
"admin","base","Default","simple","CrlBlmr1yB-CB","0-1歲","男,女",,,"Catalog, Search","No","Enabled",0,"simple"
"admin","base","Default","simple","CrlBlmr1yBrd-CB","0-1歲","男,女",,,"Catalog, Search","No","Enabled",0,"simple"
"admin","base","Default","simple","CrlBlmr1yC-CB","0-1歲","男,女",,,"Catalog, Search","No","Enabled",0,"simple"
"admin","base","Default","simple","LimBlmr1yA-CB","0-1歲","男,女",,,"Catalog, Search","No","Enabled",0,"simple"
"admin","base","Default","simple","MstBxr1yi-CB","0-1歲","男",,,"Catalog, Search","No","Enabled",0,"simple"
"admin","base","Default","simple","MstBxr2yi-CB","1-2歲","男",,,"Catalog, Search","No","Enabled",0,"simple"
"admin","base","Default","simple","MstBxr2ySea-CB","1-2歲","男",,,"Catalog, Search","No","Enabled",0,"simple"
"admin","base","Default","simple","MstBxr1yW-CB","0-1歲","男",,,"Catalog, Search","No","Enabled",0,"simple"
"admin","base","Default","simple","MstBxr2yW-CB","1-2歲","男",,,"Catalog, Search","No","Enabled",0,"simple"
"admin","base","Default","simple","MstBxr2yWhl-CB","1-2歲","男",,,"Catalog, Search","No","Enabled",0,"simple"
"admin","base","Default","simple","I2-821-306-NB-UN","新生","女",,,"Catalog, Search","No","Enabled",0,"simple"
"admin","base","Default","simple","I2-821-307-NB-UN","新生","男",,,"Catalog, Search","No","Enabled",0,"simple"
"admin","base","Default","simple","I2-822-306-NB-UN","新生","女",,,"Catalog, Search","No","Enabled",0,"simple"
"admin","base","Default","simple","I2-822-307-NB-UN","新生","男",,,"Catalog, Search","No","Enabled",0,"simple"
"admin","base","Default","simple","I2-819-306-NB-UN","新生","女",,,"Catalog, Search","No","Enabled",0,"simple"
"admin","base","Default","simple","I2-819-307-NB-UN","新生","男",,,"Catalog, Search","No","Enabled",0,"simple"
"admin","base","Default","simple","I20-776-273-BU-UN","0-6個月","男,女",,,"Catalog, Search","No","Enabled",0,"simple"
"admin","base","Default","simple","I20-775-273-TG-UN","0-3個月","男,女",,,"Catalog, Search","No","Enabled",0,"simple"
"admin","base","Default","simple","I20-713-273-TG-UN","0-3個月","男,女",,,"Catalog, Search","No","Enabled",0,"simple"
"admin","base","Default","simple","I2-836-304-TG-UN","6-9個月","女",,,"Catalog, Search","No","Enabled",0,"simple"
"admin","base","Default","simple","BBR-Navy9m-UN","6-9個月","男,女",,,"Catalog, Search","No","Enabled",0,"simple"
"admin","base","Default","simple","BBR-Navy18m-UN","12-18個月","男,女",,,"Catalog, Search","No","Enabled",0,"simple"
"admin","base","Default","simple","RWL-Navy-9mo-UN","6-9個月","男,女",,,"Catalog, Search","No","Enabled",0,"simple"
"admin","base","Default","simple","RWL-Navy-18mo-UN","12-18個月","男,女",,,"Catalog, Search","No","Enabled",0,"simple"
"admin","base","Default","simple","SH-Wht-12mo-UN","3-12個月","女",,,"Catalog, Search","No","Enabled",0,"simple"
"admin","base","Default","simple","SH-Wht-18mo-UN","1-2歲","女",,,"Catalog, Search","No","Enabled",0,"simple"
"admin","base","Default","simple","2PCPOPLINWHT-12M-UN","6-12個月","女",,,"Catalog, Search","No","Enabled",0,"simple"
"admin","base","Default","simple","2PCPOPLINWHT-18M-UN","12-18個月","女",,,"Catalog, Search","No","Enabled",0,"simple"
"admin","base","Default","simple","2PCPOPLINWHT-24M-UN","18-24個月","女",,,"Catalog, Search","No","Enabled",0,"simple"
"admin","base","Default","simple","I10-816-305-TG-UN","6-9個月","女",,,"Catalog, Search","No","Enabled",0,"simple"
"admin","base","Default","simple","RDBlmr-Wht-6mo-UN","3-6個月","女",,,"Catalog, Search","No","Enabled",0,"simple"
"admin","base","Default","simple","RDBlmr-Wht-9mo-UN","6-9個月","女",,,"Catalog, Search","No","Enabled",0,"simple"
"admin","base","Default","simple","SHFloral-Pnk-12mo-UN","3-12個月","女",,,"Catalog, Search","No","Enabled",0,"simple"
"admin","base","Default","simple","SHFloral-Pnk-24mo-UN","1-2歲","女",,,"Catalog, Search","No","Enabled",0,"simple"
"admin","base","Default","simple","35NFE01S-EdgePub",,"男,女",,,"Catalog, Search","No","Enabled",0,"simple"
"admin","base","Default","simple","36TFE01S-EdgePub",,"男,女",,,"Catalog, Search","No","Enabled",0,"simple"
"admin","base","Default","simple","36WFC01S-EdgePub",,"男,女",,,"Catalog, Search","No","Enabled",0,"simple"
"admin","base","Default","simple","47AFW01S-EdgePub",,"男,女",,,"Catalog, Search","No","Enabled",0,"simple"
